ring_id,customer_id,individual_risk_score,network_risk_score,is_core_member
FR_001,CUST_00803,41.78,71.0,False
FR_001,CUST_01466,10.37,71.0,False
FR_001,CUST_00080,9.53,71.0,False
FR_001,CUST_00321,12.81,71.0,False
FR_001,CUST_00560,11.9,71.0,False
FR_001,CUST_00353,8.75,71.0,False
FR_001,CUST_01022,21.27,71.0,False
FR_001,CUST_00609,12.91,71.0,False
FR_001,CUST_01800,10.51,71.0,False
FR_001,CUST_00542,21.79,71.0,False
FR_001,CUST_01336,16.94,71.0,False
FR_001,CUST_00200,10.45,71.0,False
FR_001,CUST_01175,9.42,71.0,False
FR_001,CUST_01365,9.15,71.0,False
FR_001,CUST_00263,10.17,71.0,False
FR_001,CUST_00370,13.92,71.0,False
FR_001,CUST_01603,8.33,71.0,False
FR_001,CUST_00333,15.95,71.0,False
FR_001,CUST_00233,8.58,71.0,False
FR_001,CUST_00497,11.58,71.0,False
FR_001,CUST_01350,14.8,71.0,False
FR_001,CUST_01762,7.86,71.0,False
FR_001,CUST_01226,17.06,71.0,False
FR_001,CUST_00613,13.24,71.0,False
FR_001,CUST_01561,42.2,71.0,False
FR_001,CUST_01478,13.5,71.0,False
FR_001,CUST_00565,8.98,71.0,False
FR_001,CUST_01162,10.61,71.0,False
FR_001,CUST_00550,8.43,71.0,False
FR_001,CUST_01857,9.29,71.0,False
FR_001,CUST_00412,9.51,71.0,False
FR_001,CUST_01655,12.0,71.0,False
FR_001,CUST_00423,8.02,71.0,False
FR_001,CUST_00869,34.28,71.0,False
FR_001,CUST_00593,7.69,71.0,False
FR_001,CUST_00474,8.44,71.0,False
FR_001,CUST_00811,13.81,71.0,False
FR_001,CUST_01435,28.82,71.0,False
FR_001,CUST_01666,16.99,71.0,False
FR_001,CUST_01569,9.51,71.0,False
FR_001,CUST_01938,15.04,71.0,False
FR_001,CUST_00724,41.72,71.0,False
FR_001,CUST_01521,9.9,71.0,False
FR_001,CUST_01667,10.84,71.0,False
FR_001,CUST_01951,15.4,71.0,False
FR_001,CUST_01282,16.24,71.0,True
FR_001,CUST_00531,17.15,71.0,False
FR_001,CUST_01527,14.69,71.0,False
FR_001,CUST_01440,13.03,71.0,False
FR_001,CUST_01492,23.13,71.0,False
FR_001,CUST_01414,16.14,71.0,False
FR_001,CUST_00992,20.35,71.0,False
FR_001,CUST_00213,8.83,71.0,False
FR_002,CUST_00420,9.58,69.5,False
FR_002,CUST_01154,13.53,69.5,False
FR_002,CUST_01866,9.33,69.5,False
FR_002,CUST_00500,21.9,69.5,False
FR_002,CUST_00855,12.85,69.5,False
FR_002,CUST_01501,12.88,69.5,False
FR_002,CUST_00131,10.64,69.5,False
FR_002,CUST_00624,30.76,69.5,False
FR_002,CUST_01321,15.36,69.5,False
FR_002,CUST_00451,6.99,69.5,False
FR_002,CUST_01475,12.31,69.5,False
FR_002,CUST_01125,15.64,69.5,False
FR_002,CUST_00214,15.32,69.5,False
FR_002,CUST_01126,10.07,69.5,False
FR_002,CUST_00251,9.44,69.5,False
FR_002,CUST_01337,20.51,69.5,False
FR_002,CUST_01000,11.47,69.5,False
FR_002,CUST_01727,8.14,69.5,False
FR_002,CUST_01477,10.96,69.5,False
FR_002,CUST_01795,12.39,69.5,False
FR_002,CUST_01836,10.48,69.5,False
FR_002,CUST_00676,16.79,69.5,False
FR_002,CUST_00885,9.7,69.5,False
FR_002,CUST_01909,9.7,69.5,False
FR_002,CUST_00628,36.26,69.5,False
FR_002,CUST_01003,50.49,69.5,False
FR_002,CUST_00450,9.74,69.5,False
FR_002,CUST_01982,16.83,69.5,False
FR_002,CUST_00266,8.61,69.5,False
FR_002,CUST_00515,35.25,69.5,False
FR_002,CUST_00567,7.75,69.5,False
FR_002,CUST_00166,41.23,69.5,False
FR_002,CUST_00405,39.05,69.5,False
FR_002,CUST_01374,13.67,69.5,False
FR_002,CUST_01345,7.57,69.5,False
FR_002,CUST_00382,12.49,69.5,False
FR_002,CUST_00081,35.21,69.5,False
FR_002,CUST_00813,12.91,69.5,False
FR_002,CUST_00348,41.71,69.5,False
FR_002,CUST_01111,12.14,69.5,False
FR_002,CUST_01180,9.61,69.5,True
FR_002,CUST_01799,32.25,69.5,False
FR_002,CUST_01065,16.52,69.5,False
FR_002,CUST_01200,8.67,69.5,False
FR_002,CUST_01758,17.09,69.5,False
FR_002,CUST_00684,21.33,69.5,False
FR_002,CUST_00761,20.39,69.5,False
FR_002,CUST_01408,9.39,69.5,False
FR_002,CUST_01958,18.57,69.5,False
FR_002,CUST_00699,10.13,69.5,False
FR_002,CUST_00630,17.36,69.5,False
FR_002,CUST_01930,14.35,69.5,False
FR_003,CUST_00192,8.83,85.0,False
FR_003,CUST_00547,10.3,85.0,False
FR_003,CUST_00552,15.17,85.0,False
FR_003,CUST_00117,15.75,85.0,False
FR_003,CUST_01009,7.87,85.0,False
FR_003,CUST_00675,28.21,85.0,False
FR_003,CUST_00902,14.35,85.0,False
FR_003,CUST_01045,14.01,85.0,True
FR_003,CUST_00558,8.46,85.0,False
FR_003,CUST_00666,19.97,85.0,False
FR_003,CUST_00058,13.39,85.0,False
FR_003,CUST_00767,10.38,85.0,False
FR_003,CUST_01405,14.97,85.0,False
FR_003,CUST_01507,10.9,85.0,False
FR_003,CUST_00368,9.04,85.0,False
FR_003,CUST_00195,13.78,85.0,False
FR_003,CUST_01550,19.48,85.0,False
FR_003,CUST_00455,9.03,85.0,False
FR_003,CUST_01637,9.52,85.0,False
FR_003,CUST_01720,8.04,85.0,False
FR_003,CUST_01780,14.43,85.0,False
FR_003,CUST_00556,10.76,85.0,False
FR_003,CUST_01712,14.67,85.0,False
FR_003,CUST_00415,14.54,85.0,False
FR_003,CUST_00537,9.68,85.0,False
FR_003,CUST_01807,10.89,85.0,False
FR_003,CUST_01878,26.2,85.0,False
FR_003,CUST_01316,8.17,85.0,False
FR_003,CUST_01489,11.14,85.0,False
FR_003,CUST_00221,16.2,85.0,False
FR_003,CUST_00935,8.72,85.0,False
FR_003,CUST_01756,25.11,85.0,False
FR_003,CUST_00607,17.47,85.0,False
FR_003,CUST_01223,11.53,85.0,False
FR_003,CUST_00788,12.49,85.0,False
FR_003,CUST_00617,8.35,85.0,False
FR_003,CUST_00430,10.17,85.0,False
FR_003,CUST_00395,14.51,85.0,False
FR_003,CUST_00750,11.79,85.0,False
FR_003,CUST_00036,28.42,85.0,False
FR_003,CUST_01299,11.34,85.0,False
FR_003,CUST_00978,16.12,85.0,False
FR_003,CUST_01626,10.48,85.0,False
FR_003,CUST_01102,14.24,85.0,False
FR_003,CUST_01216,15.43,85.0,False
FR_003,CUST_00008,13.24,85.0,False
FR_003,CUST_00868,24.64,85.0,False
FR_003,CUST_00632,7.89,85.0,False
FR_003,CUST_00860,16.87,85.0,False
FR_003,CUST_01892,13.76,85.0,False
FR_003,CUST_00762,24.2,85.0,False
FR_003,CUST_00507,9.7,85.0,False
FR_003,CUST_00867,24.48,85.0,False
FR_003,CUST_01392,19.81,85.0,False
FR_003,CUST_01349,14.35,85.0,False
FR_003,CUST_00453,17.53,85.0,False
FR_003,CUST_01192,10.5,85.0,False
FR_003,CUST_00108,9.29,85.0,False
FR_003,CUST_00651,9.52,85.0,False
FR_003,CUST_01926,36.47,85.0,False
FR_003,CUST_01169,9.44,85.0,False
FR_003,CUST_01968,12.9,85.0,False
FR_003,CUST_00296,14.01,85.0,False
FR_003,CUST_01438,7.82,85.0,False
FR_003,CUST_00344,11.98,85.0,False
FR_003,CUST_01905,8.27,85.0,False
FR_003,CUST_00747,8.34,85.0,False
FR_003,CUST_00046,30.28,85.0,False
FR_003,CUST_01178,9.22,85.0,False
FR_003,CUST_00626,21.84,85.0,False
FR_003,CUST_01540,11.48,85.0,False
FR_003,CUST_00142,13.21,85.0,False
FR_003,CUST_01654,26.38,85.0,False
FR_003,CUST_00903,28.72,85.0,False
FR_003,CUST_01131,11.78,85.0,False
FR_003,CUST_01074,7.51,85.0,False
FR_003,CUST_01556,11.25,85.0,False
FR_003,CUST_01481,15.69,85.0,False
FR_003,CUST_00790,8.73,85.0,False
FR_004,CUST_01554,30.59,85.0,False
FR_004,CUST_01366,34.81,85.0,False
FR_004,CUST_01678,8.69,85.0,False
FR_004,CUST_00638,9.49,85.0,False
FR_004,CUST_01476,13.0,85.0,False
FR_004,CUST_01362,9.9,85.0,False
FR_004,CUST_01555,13.39,85.0,False
FR_004,CUST_01713,27.69,85.0,False
FR_004,CUST_00277,10.48,85.0,False
FR_004,CUST_01381,13.16,85.0,False
FR_004,CUST_00053,12.67,85.0,False
FR_004,CUST_01896,9.46,85.0,False
FR_004,CUST_01549,12.35,85.0,False
FR_004,CUST_01264,17.49,85.0,False
FR_004,CUST_00739,16.9,85.0,True
FR_004,CUST_01675,9.91,85.0,False
FR_004,CUST_00952,8.12,85.0,False
FR_004,CUST_01785,25.44,85.0,False
FR_004,CUST_00618,37.76,85.0,False
FR_004,CUST_01841,7.99,85.0,False
FR_004,CUST_01961,13.67,85.0,False
FR_004,CUST_00468,9.23,85.0,False
FR_004,CUST_00315,11.12,85.0,False
FR_004,CUST_00086,10.16,85.0,False
FR_004,CUST_01679,14.23,85.0,False
FR_004,CUST_01047,19.29,85.0,False
FR_004,CUST_01213,11.9,85.0,False
FR_004,CUST_01274,34.77,85.0,False
FR_004,CUST_00937,7.08,85.0,False
FR_004,CUST_00111,21.1,85.0,False
FR_004,CUST_01611,11.85,85.0,False
FR_004,CUST_00549,6.91,85.0,False
FR_004,CUST_00402,41.75,85.0,False
FR_004,CUST_01805,17.65,85.0,False
FR_004,CUST_00768,11.75,85.0,False
FR_004,CUST_01578,20.13,85.0,False
FR_004,CUST_00702,42.02,85.0,False
FR_004,CUST_01832,11.81,85.0,False
FR_004,CUST_01991,9.91,85.0,False
FR_004,CUST_01766,10.57,85.0,False
FR_004,CUST_00570,18.56,85.0,False
FR_004,CUST_00254,33.2,85.0,False
FR_004,CUST_00123,15.83,85.0,False
FR_004,CUST_00774,12.98,85.0,False
FR_004,CUST_01535,13.78,85.0,False
FR_004,CUST_01303,14.95,85.0,False
FR_004,CUST_01095,11.62,85.0,False
FR_004,CUST_00298,12.14,85.0,False
FR_004,CUST_01397,11.36,85.0,False
FR_004,CUST_01430,17.34,85.0,False
FR_004,CUST_01048,23.34,85.0,False
FR_004,CUST_00054,19.97,85.0,False
FR_004,CUST_00834,46.15,85.0,False
FR_004,CUST_01035,19.23,85.0,False
FR_004,CUST_01017,16.34,85.0,False
FR_004,CUST_01067,11.15,85.0,False
FR_004,CUST_01201,34.75,85.0,False
FR_004,CUST_00733,15.17,85.0,False
FR_004,CUST_01685,10.44,85.0,False
FR_004,CUST_01605,13.02,85.0,False
FR_004,CUST_00824,11.04,85.0,False
FR_004,CUST_00454,31.24,85.0,False
FR_004,CUST_01208,9.06,85.0,False
FR_004,CUST_01742,12.52,85.0,False
FR_004,CUST_01618,21.71,85.0,False
FR_004,CUST_00878,20.25,85.0,False
FR_004,CUST_01112,15.98,85.0,False
FR_004,CUST_01608,11.26,85.0,False
FR_004,CUST_00463,13.66,85.0,False
FR_004,CUST_00835,12.33,85.0,False
FR_004,CUST_01682,8.42,85.0,False
FR_004,CUST_01601,7.59,85.0,False
FR_004,CUST_00051,18.17,85.0,True
FR_004,CUST_01500,18.96,85.0,False
FR_005,CUST_01326,9.11,96.88,False
FR_005,CUST_00658,17.37,96.88,False
FR_005,CUST_00349,10.11,96.88,False
FR_005,CUST_01171,12.89,96.88,False
FR_005,CUST_01460,9.88,96.88,False
FR_005,CUST_00461,8.7,96.88,False
FR_005,CUST_01432,9.48,96.88,False
FR_005,CUST_00533,17.11,96.88,False
FR_005,CUST_01209,19.04,96.88,False
FR_005,CUST_00161,16.2,96.88,False
FR_005,CUST_00025,8.77,96.88,False
FR_005,CUST_00687,11.78,96.88,False
FR_005,CUST_01354,13.13,96.88,False
FR_005,CUST_01425,16.26,96.88,False
FR_005,CUST_01252,10.94,96.88,False
FR_005,CUST_01400,41.76,96.88,False
FR_005,CUST_01108,21.05,96.88,False
FR_005,CUST_00600,21.21,96.88,False
FR_005,CUST_01160,20.75,96.88,False
FR_005,CUST_00052,19.7,96.88,False
FR_005,CUST_00119,41.73,96.88,False
FR_005,CUST_01631,13.05,96.88,False
FR_005,CUST_01733,12.58,96.88,False
FR_005,CUST_01998,43.56,96.88,False
FR_005,CUST_00139,22.46,96.88,False
FR_005,CUST_00071,8.64,96.88,False
FR_005,CUST_00551,10.22,96.88,False
FR_005,CUST_00710,26.08,96.88,False
FR_005,CUST_00554,11.77,96.88,False
FR_005,CUST_00705,33.91,96.88,False
FR_005,CUST_01088,11.8,96.88,False
FR_005,CUST_00639,13.75,96.88,False
FR_005,CUST_00220,48.67,96.88,False
FR_005,CUST_00294,11.15,96.88,False
FR_005,CUST_00361,9.11,96.88,False
FR_005,CUST_01063,10.09,96.88,False
FR_005,CUST_01700,11.88,96.88,False
FR_005,CUST_00434,11.02,96.88,False
FR_005,CUST_00746,10.22,96.88,True
FR_005,CUST_00377,10.07,96.88,False
FR_005,CUST_00925,15.84,96.88,False
FR_005,CUST_01952,13.75,96.88,False
FR_005,CUST_00383,11.88,96.88,False
FR_005,CUST_01028,33.58,96.88,False
FR_005,CUST_00124,17.42,96.88,False
FR_005,CUST_01790,20.25,96.88,False
FR_005,CUST_00871,13.63,96.88,False
FR_005,CUST_00394,9.48,96.88,False
FR_005,CUST_00340,11.76,96.88,False
FR_005,CUST_00269,19.5,96.88,False
FR_005,CUST_01387,23.12,96.88,False
FR_005,CUST_00135,9.84,96.88,False
FR_005,CUST_01222,12.52,96.88,False
FR_005,CUST_01004,21.21,96.88,False
FR_005,CUST_00980,17.15,96.88,False
FR_005,CUST_00956,22.15,96.88,False
FR_005,CUST_00773,19.86,96.88,False
FR_005,CUST_01663,10.94,96.88,False
FR_005,CUST_01249,31.01,96.88,False
FR_006,CUST_01268,16.21,71.0,False
FR_006,CUST_01415,48.58,71.0,False
FR_006,CUST_00524,13.93,71.0,False
FR_006,CUST_00983,13.59,71.0,False
FR_006,CUST_00467,10.68,71.0,False
FR_006,CUST_01367,10.69,71.0,False
FR_006,CUST_00448,9.69,71.0,False
FR_006,CUST_00775,13.0,71.0,False
FR_006,CUST_01974,12.54,71.0,False
FR_006,CUST_00701,14.72,71.0,False
FR_006,CUST_01525,13.71,71.0,False
FR_006,CUST_00410,41.71,71.0,False
FR_006,CUST_01243,12.33,71.0,False
FR_006,CUST_01831,15.71,71.0,False
FR_006,CUST_01936,10.81,71.0,False
FR_006,CUST_01571,14.06,71.0,False
FR_006,CUST_00460,21.54,71.0,False
FR_006,CUST_00356,11.71,71.0,False
FR_006,CUST_00248,15.29,71.0,False
FR_006,CUST_00338,12.14,71.0,False
FR_006,CUST_00581,15.55,71.0,False
FR_006,CUST_01944,20.24,71.0,False
FR_006,CUST_01622,23.03,71.0,False
FR_006,CUST_00849,23.7,71.0,False
FR_006,CUST_01388,36.84,71.0,False
FR_006,CUST_01895,21.35,71.0,False
FR_006,CUST_00735,13.26,71.0,False
FR_006,CUST_00636,16.12,71.0,False
FR_006,CUST_00004,15.03,71.0,False
FR_006,CUST_01728,12.22,71.0,False
FR_006,CUST_01451,12.22,71.0,False
FR_006,CUST_00326,10.3,71.0,False
FR_006,CUST_00999,14.31,71.0,False
FR_006,CUST_00585,11.32,71.0,False
FR_006,CUST_01150,26.59,71.0,False
FR_006,CUST_00407,11.99,71.0,False
FR_006,CUST_01495,13.44,71.0,False
FR_006,CUST_00703,9.41,71.0,False
FR_006,CUST_00718,8.63,71.0,False
FR_006,CUST_00009,12.51,71.0,False
FR_006,CUST_01355,8.39,71.0,False
FR_006,CUST_00534,11.49,71.0,False
FR_006,CUST_01970,20.22,71.0,False
FR_006,CUST_00317,10.56,71.0,False
FR_006,CUST_01793,10.88,71.0,False
FR_006,CUST_00436,15.51,71.0,False
FR_006,CUST_00798,13.17,71.0,False
FR_006,CUST_00605,12.58,71.0,False
FR_006,CUST_00990,20.16,71.0,False
FR_006,CUST_01079,52.08,71.0,False
FR_006,CUST_00644,30.11,71.0,False
FR_006,CUST_00982,23.37,71.0,False
FR_006,CUST_00539,28.91,71.0,False
FR_006,CUST_00892,17.24,71.0,False
FR_006,CUST_00771,22.49,71.0,False
FR_006,CUST_01038,8.04,71.0,False
FR_006,CUST_00314,20.08,71.0,False
FR_006,CUST_01652,10.13,71.0,False
FR_006,CUST_01275,13.53,71.0,False
FR_006,CUST_01149,13.8,71.0,False
FR_006,CUST_00917,11.96,71.0,False
FR_006,CUST_01980,40.15,71.0,False
FR_006,CUST_00801,11.56,71.0,False
FR_006,CUST_00783,17.27,71.0,False
FR_006,CUST_00429,23.49,71.0,False
FR_006,CUST_01871,16.03,71.0,False
FR_006,CUST_01005,18.7,71.0,False
FR_006,CUST_00365,10.17,71.0,False
FR_006,CUST_00770,33.25,71.0,False
FR_006,CUST_01960,9.2,71.0,False
FR_006,CUST_01334,9.86,71.0,False
FR_006,CUST_01320,8.73,71.0,False
FR_006,CUST_01941,13.06,71.0,True
FR_006,CUST_00289,24.63,71.0,False
FR_007,CUST_00603,11.07,71.0,False
FR_007,CUST_00881,9.19,71.0,False
FR_007,CUST_00225,13.89,71.0,False
FR_007,CUST_01959,10.39,71.0,False
FR_007,CUST_00821,8.8,71.0,False
FR_007,CUST_00663,13.84,71.0,False
FR_007,CUST_01033,6.88,71.0,False
FR_007,CUST_01505,10.49,71.0,False
FR_007,CUST_01752,19.35,71.0,False
FR_007,CUST_01595,27.56,71.0,False
FR_007,CUST_01390,11.48,71.0,False
FR_007,CUST_01030,18.06,71.0,False
FR_007,CUST_01839,15.68,71.0,False
FR_007,CUST_01156,29.58,71.0,False
FR_007,CUST_00891,14.43,71.0,False
FR_007,CUST_01748,51.9,71.0,False
FR_007,CUST_01939,15.48,71.0,False
FR_007,CUST_01633,15.8,71.0,False
FR_007,CUST_00959,11.25,71.0,False
FR_007,CUST_01967,10.57,71.0,False
FR_007,CUST_00411,24.18,71.0,False
FR_007,CUST_01101,8.02,71.0,False
FR_007,CUST_01158,12.74,71.0,False
FR_007,CUST_01493,11.86,71.0,False
FR_007,CUST_01117,10.33,71.0,False
FR_007,CUST_01121,12.53,71.0,False
FR_007,CUST_01152,11.08,71.0,False
FR_007,CUST_00931,9.04,71.0,False
FR_007,CUST_01533,14.55,71.0,False
FR_007,CUST_01979,19.54,71.0,True
FR_007,CUST_01276,8.12,71.0,False
FR_007,CUST_00841,16.77,71.0,False
FR_007,CUST_00499,18.11,71.0,False
FR_007,CUST_00281,8.47,71.0,False
FR_007,CUST_01100,11.45,71.0,False
FR_007,CUST_01989,23.65,71.0,False
FR_007,CUST_00764,10.2,71.0,False
FR_007,CUST_00438,52.2,71.0,False
FR_007,CUST_01932,14.96,71.0,False
FR_007,CUST_00292,21.93,71.0,False
FR_007,CUST_00725,14.31,71.0,False
FR_007,CUST_00435,19.56,71.0,False
FR_008,CUST_01281,11.01,85.0,False
FR_008,CUST_01563,17.31,85.0,False
FR_008,CUST_00544,14.84,85.0,False
FR_008,CUST_00444,13.84,85.0,False
FR_008,CUST_00024,14.05,85.0,False
FR_008,CUST_01530,16.03,85.0,False
FR_008,CUST_01899,9.91,85.0,False
FR_008,CUST_00290,22.53,85.0,False
FR_008,CUST_01364,11.65,85.0,False
FR_008,CUST_00026,13.19,85.0,False
FR_008,CUST_00653,8.65,85.0,False
FR_008,CUST_00640,22.99,85.0,False
FR_008,CUST_01531,15.92,85.0,False
FR_008,CUST_01872,14.81,85.0,True
FR_008,CUST_01090,28.22,85.0,False
FR_008,CUST_01660,10.76,85.0,False
FR_008,CUST_00154,11.87,85.0,False
FR_008,CUST_01053,41.74,85.0,False
FR_008,CUST_01304,25.43,85.0,False
FR_008,CUST_01396,12.91,85.0,False
FR_008,CUST_00944,10.81,85.0,False
FR_008,CUST_00781,10.64,85.0,False
FR_008,CUST_00706,11.62,85.0,False
FR_008,CUST_00899,38.22,85.0,False
FR_008,CUST_00987,11.56,85.0,False
FR_008,CUST_01273,18.55,85.0,False
FR_008,CUST_01702,10.26,85.0,False
FR_008,CUST_01361,13.58,85.0,False
FR_008,CUST_00358,9.65,85.0,False
FR_008,CUST_00914,10.69,85.0,False
FR_008,CUST_00224,15.55,85.0,False
FR_008,CUST_01789,10.93,85.0,False
FR_008,CUST_00888,28.21,85.0,False
FR_008,CUST_01193,11.36,85.0,False
FR_008,CUST_01325,10.49,85.0,False
FR_008,CUST_01434,13.62,85.0,False
FR_008,CUST_01904,8.44,85.0,False
FR_008,CUST_00391,16.59,85.0,False
FR_008,CUST_00055,17.59,85.0,False
FR_008,CUST_00620,11.18,85.0,False
FR_008,CUST_01743,11.43,85.0,False
FR_008,CUST_00311,8.03,85.0,False
FR_008,CUST_01995,10.76,85.0,False
FR_008,CUST_00977,16.81,85.0,False
FR_008,CUST_00584,8.9,85.0,False
FR_008,CUST_00339,8.0,85.0,False
FR_008,CUST_00457,21.29,85.0,False
FR_008,CUST_00708,26.95,85.0,False
FR_008,CUST_01376,9.78,85.0,False
FR_008,CUST_00511,8.61,85.0,False
FR_008,CUST_01287,18.09,85.0,False
FR_008,CUST_00179,13.97,85.0,False
FR_008,CUST_01966,6.9,85.0,False
FR_008,CUST_00456,12.95,85.0,False
FR_009,CUST_00945,11.8,85.0,False
FR_009,CUST_01225,17.33,85.0,False
FR_009,CUST_01456,15.58,85.0,False
FR_009,CUST_00677,13.03,85.0,False
FR_009,CUST_01227,12.03,85.0,False
FR_009,CUST_00155,15.9,85.0,False
FR_009,CUST_00536,9.65,85.0,False
FR_009,CUST_00446,10.0,85.0,False
FR_009,CUST_01260,42.14,85.0,False
FR_009,CUST_00121,10.52,85.0,False
FR_009,CUST_01295,16.71,85.0,False
FR_009,CUST_00089,40.62,85.0,False
FR_009,CUST_00627,9.71,85.0,False
FR_009,CUST_00641,7.79,85.0,False
FR_009,CUST_00351,12.61,85.0,False
FR_009,CUST_01308,21.86,85.0,False
FR_009,CUST_01089,15.52,85.0,False
FR_009,CUST_00241,9.55,85.0,False
FR_009,CUST_01784,9.98,85.0,False
FR_009,CUST_00210,9.22,85.0,False
FR_009,CUST_01386,10.42,85.0,False
FR_009,CUST_01177,9.32,85.0,False
FR_009,CUST_00355,42.74,85.0,False
FR_009,CUST_01634,14.51,85.0,False
FR_009,CUST_00299,10.3,85.0,False
FR_009,CUST_01020,10.9,85.0,False
FR_009,CUST_00125,12.28,85.0,False
FR_009,CUST_01270,15.27,85.0,False
FR_009,CUST_01984,10.2,85.0,False
FR_009,CUST_01770,10.08,85.0,False
FR_009,CUST_01510,18.79,85.0,False
FR_009,CUST_01684,7.34,85.0,False
FR_009,CUST_00910,41.9,85.0,False
FR_009,CUST_00209,13.48,85.0,False
FR_009,CUST_00832,14.22,85.0,False
FR_009,CUST_01426,16.0,85.0,False
FR_009,CUST_00202,50.63,85.0,False
FR_009,CUST_01575,17.9,85.0,False
FR_009,CUST_00759,9.68,85.0,False
FR_009,CUST_01834,10.87,85.0,False
FR_009,CUST_01726,17.49,85.0,False
FR_009,CUST_01760,14.94,85.0,False
FR_009,CUST_00357,31.48,85.0,False
FR_009,CUST_00206,13.38,85.0,False
FR_009,CUST_01849,10.49,85.0,True
FR_009,CUST_01290,12.13,85.0,False
FR_009,CUST_01429,38.1,85.0,False
FR_009,CUST_00198,9.34,85.0,False
FR_009,CUST_00889,17.35,85.0,False
FR_009,CUST_01210,9.56,85.0,False
FR_009,CUST_01623,9.27,85.0,False
FR_009,CUST_01731,42.59,85.0,False
FR_009,CUST_01847,15.4,85.0,False
FR_009,CUST_01592,7.21,85.0,False
FR_009,CUST_01924,50.75,85.0,False
FR_009,CUST_01972,20.97,85.0,False
FR_009,CUST_00939,12.21,85.0,False
FR_009,CUST_00683,9.46,85.0,False
FR_009,CUST_01819,8.53,85.0,False
FR_009,CUST_01778,18.38,85.0,False
FR_009,CUST_01821,23.79,85.0,False
FR_009,CUST_01954,10.74,85.0,False
FR_009,CUST_00949,10.95,85.0,False
FR_009,CUST_00938,14.36,85.0,False
FR_009,CUST_01827,11.72,85.0,False
FR_009,CUST_00392,10.98,85.0,False
FR_009,CUST_00079,13.0,85.0,False
FR_009,CUST_00572,22.18,85.0,False
FR_009,CUST_01215,8.82,85.0,False
FR_009,CUST_01591,20.83,85.0,False
FR_009,CUST_00749,9.77,85.0,False
FR_009,CUST_00007,26.47,85.0,False
FR_009,CUST_01506,11.37,85.0,False
FR_009,CUST_00075,12.42,85.0,False
FR_009,CUST_01428,13.09,85.0,False
FR_009,CUST_00960,10.03,85.0,False
FR_009,CUST_00301,18.75,85.0,False
FR_009,CUST_00504,11.06,85.0,False
FR_009,CUST_01338,29.19,85.0,False
FR_009,CUST_00437,10.63,85.0,False
FR_009,CUST_00840,16.26,85.0,False
FR_009,CUST_01880,14.09,85.0,False
FR_009,CUST_01512,17.42,85.0,False
FR_009,CUST_00426,8.77,85.0,False
FR_009,CUST_01532,11.05,85.0,False
FR_009,CUST_01013,10.59,85.0,False
FR_009,CUST_00972,11.53,85.0,False
FR_009,CUST_01093,11.91,85.0,False
FR_009,CUST_00879,41.91,85.0,False
FR_009,CUST_00599,18.15,85.0,False
FR_009,CUST_01754,11.54,85.0,False
FR_009,CUST_00503,11.58,85.0,False
FR_009,CUST_01302,15.53,85.0,False
FR_009,CUST_01822,15.95,85.0,False
FR_009,CUST_00112,19.96,85.0,False
FR_009,CUST_01148,10.08,85.0,False
FR_009,CUST_01306,8.91,85.0,False
FR_009,CUST_01869,8.87,85.0,False
FR_009,CUST_00951,20.15,85.0,False
FR_009,CUST_01732,18.64,85.0,False
FR_009,CUST_00371,16.52,85.0,False
FR_010,CUST_00573,37.76,85.0,False
FR_010,CUST_01157,11.41,85.0,False
FR_010,CUST_00006,13.95,85.0,False
FR_010,CUST_01657,50.41,85.0,False
FR_010,CUST_01862,24.3,85.0,False
FR_010,CUST_00260,17.5,85.0,False
FR_010,CUST_00981,11.21,85.0,False
FR_010,CUST_00047,21.79,85.0,False
FR_010,CUST_00562,8.64,85.0,False
FR_010,CUST_00611,9.63,85.0,True
FR_010,CUST_00305,10.15,85.0,False
FR_010,CUST_01624,10.35,85.0,False
FR_010,CUST_01546,12.19,85.0,False
FR_010,CUST_01695,18.65,85.0,False
FR_010,CUST_01791,11.33,85.0,False
FR_010,CUST_01856,22.72,85.0,False
FR_010,CUST_00285,11.27,85.0,False
FR_010,CUST_00490,14.17,85.0,False
FR_010,CUST_00831,8.92,85.0,False
FR_010,CUST_00508,50.85,85.0,False
FR_010,CUST_01977,18.03,85.0,True
FR_010,CUST_01997,13.18,85.0,False
FR_010,CUST_01772,15.35,85.0,False
FR_010,CUST_01673,11.84,85.0,False
FR_010,CUST_00293,19.76,85.0,False
FR_010,CUST_01646,16.17,85.0,False
FR_010,CUST_00608,25.11,85.0,False
FR_010,CUST_00452,15.25,85.0,False
FR_010,CUST_01474,18.5,85.0,False
FR_010,CUST_00330,13.12,85.0,False
FR_010,CUST_00380,12.99,85.0,False
FR_010,CUST_01309,18.95,85.0,False
FR_010,CUST_01503,9.36,85.0,False
FR_010,CUST_01848,17.28,85.0,False
FR_010,CUST_00650,9.25,85.0,False
FR_010,CUST_01335,20.33,85.0,False
FR_010,CUST_01346,12.19,85.0,False
FR_010,CUST_00805,9.91,85.0,False
FR_010,CUST_00176,8.28,85.0,False
FR_010,CUST_00719,8.65,85.0,False
FR_010,CUST_01650,12.65,85.0,False
FR_010,CUST_01706,17.1,85.0,False
FR_010,CUST_01406,9.55,85.0,False
FR_010,CUST_01937,9.63,85.0,False
FR_010,CUST_00988,14.1,85.0,False
FR_010,CUST_00807,14.31,85.0,False
FR_010,CUST_01041,10.26,85.0,False
FR_010,CUST_01978,11.72,85.0,False
FR_011,CUST_00872,13.03,79.68,False
FR_011,CUST_01782,6.83,79.68,False
FR_011,CUST_00922,9.77,79.68,False
FR_011,CUST_01170,27.82,79.68,False
FR_011,CUST_00845,8.93,79.68,False
FR_011,CUST_00324,7.85,79.68,False
FR_011,CUST_01804,16.33,79.68,False
FR_011,CUST_01853,22.19,79.68,False
FR_011,CUST_00408,18.29,79.68,False
FR_011,CUST_00985,7.88,79.68,False
FR_011,CUST_00193,9.93,79.68,True
FR_011,CUST_00045,20.54,79.68,False
FR_011,CUST_00413,10.86,79.68,False
FR_011,CUST_01581,12.25,79.68,False
FR_011,CUST_00886,13.46,79.68,False
FR_011,CUST_00523,8.56,79.68,False
FR_011,CUST_01398,19.65,79.68,False
FR_011,CUST_00633,8.72,79.68,False
FR_011,CUST_01484,10.33,79.68,False
FR_011,CUST_00528,11.36,79.68,False
FR_011,CUST_01874,15.94,79.68,False
FR_011,CUST_00280,12.63,79.68,False
FR_011,CUST_01130,15.41,79.68,False
FR_011,CUST_00379,9.06,79.68,False
FR_011,CUST_00147,10.93,79.68,False
FR_011,CUST_01194,14.43,79.68,False
FR_011,CUST_00601,11.91,79.68,False
FR_011,CUST_00975,14.36,79.68,False
FR_011,CUST_00440,31.78,79.68,False
FR_011,CUST_00921,11.66,79.68,False
FR_011,CUST_01741,10.55,79.68,False
FR_011,CUST_01342,12.77,79.68,False
FR_011,CUST_01999,20.84,79.68,False
FR_011,CUST_01301,23.28,79.68,False
FR_011,CUST_00948,21.27,79.68,False
FR_011,CUST_01709,8.39,79.68,False
FR_011,CUST_01653,19.04,79.68,False
FR_011,CUST_01480,16.85,79.68,False
FR_011,CUST_01399,25.28,79.68,False
FR_011,CUST_00745,19.32,79.68,False
FR_011,CUST_00827,12.1,79.68,False
FR_011,CUST_01681,16.49,79.68,False
FR_011,CUST_00648,23.05,79.68,False
FR_011,CUST_01504,8.52,79.68,False
FR_011,CUST_00201,17.75,79.68,False
FR_011,CUST_01632,21.92,79.68,False
FR_011,CUST_00010,14.66,79.68,False
FR_011,CUST_00421,11.5,79.68,False
FR_011,CUST_00538,11.38,79.68,False
FR_011,CUST_01994,17.13,79.68,False
FR_011,CUST_00752,14.23,79.68,False
FR_011,CUST_01779,10.06,79.68,False
FR_011,CUST_00854,10.5,79.68,False
FR_011,CUST_01898,9.32,79.68,False
FR_011,CUST_00940,19.93,79.68,False
FR_011,CUST_01499,10.81,79.68,False
FR_011,CUST_01950,14.25,79.68,False
FR_011,CUST_00084,11.13,79.68,False
FR_011,CUST_01774,11.14,79.68,False
FR_011,CUST_00037,28.28,79.68,False
FR_011,CUST_01420,15.47,79.68,False
FR_011,CUST_01369,11.87,79.68,False
FR_011,CUST_01188,12.63,79.68,False
FR_011,CUST_01103,21.86,79.68,False
FR_011,CUST_00756,12.37,79.68,False
FR_011,CUST_01691,12.37,79.68,False
FR_011,CUST_00535,14.59,79.68,False
FR_011,CUST_01541,20.87,79.68,False
FR_011,CUST_00933,16.37,79.68,False
FR_012,CUST_01833,13.74,85.0,False
FR_012,CUST_01424,7.35,85.0,False
FR_012,CUST_01473,27.03,85.0,False
FR_012,CUST_00250,49.69,85.0,False
FR_012,CUST_00806,14.61,85.0,False
FR_012,CUST_01705,8.96,85.0,False
FR_012,CUST_01072,21.56,85.0,False
FR_012,CUST_01344,11.62,85.0,False
FR_012,CUST_00969,16.24,85.0,False
FR_012,CUST_00318,15.64,85.0,False
FR_012,CUST_01218,14.54,85.0,False
FR_012,CUST_01886,13.08,85.0,False
FR_012,CUST_01724,12.83,85.0,False
FR_012,CUST_01817,8.74,85.0,False
FR_012,CUST_00165,9.6,85.0,False
FR_012,CUST_00309,21.65,85.0,False
FR_012,CUST_00388,12.18,85.0,False
FR_012,CUST_00557,32.38,85.0,False
FR_012,CUST_00316,14.11,85.0,False
FR_012,CUST_00150,32.84,85.0,False
FR_012,CUST_00230,11.01,85.0,False
FR_012,CUST_00664,17.77,85.0,False
FR_012,CUST_01261,13.68,85.0,False
FR_012,CUST_00169,6.47,85.0,True
FR_012,CUST_01573,11.51,85.0,False
FR_012,CUST_00734,14.75,85.0,False
FR_012,CUST_01808,66.67,85.0,False
FR_012,CUST_01447,8.1,85.0,False
FR_012,CUST_01409,8.19,85.0,False
FR_012,CUST_00188,41.73,85.0,False
FR_012,CUST_01694,15.82,85.0,False
FR_012,CUST_01818,15.1,85.0,False
FR_012,CUST_01838,13.1,85.0,False
FR_012,CUST_01867,42.17,85.0,False
FR_012,CUST_00998,8.68,85.0,False
FR_012,CUST_01820,10.88,85.0,False
FR_012,CUST_01272,10.32,85.0,False
FR_012,CUST_00667,22.92,85.0,False
FR_012,CUST_00692,33.61,85.0,False
FR_012,CUST_01746,6.41,85.0,False
FR_012,CUST_01711,10.81,85.0,False
FR_012,CUST_01636,8.98,85.0,False
FR_012,CUST_01357,11.31,85.0,False
FR_012,CUST_01560,13.35,85.0,False
FR_012,CUST_00665,24.92,85.0,False
FR_012,CUST_01389,16.95,85.0,False
FR_012,CUST_00723,27.06,85.0,False
FR_012,CUST_00997,35.85,85.0,False
FR_012,CUST_00226,10.95,85.0,False
FR_012,CUST_00865,13.77,85.0,False
FR_012,CUST_01238,17.79,85.0,False
FR_012,CUST_00143,11.91,85.0,False
FR_012,CUST_01029,13.64,85.0,False
FR_012,CUST_00808,9.22,85.0,False
FR_012,CUST_01395,8.89,85.0,False
FR_012,CUST_00308,9.42,85.0,False
FR_012,CUST_01688,19.26,85.0,False
FR_012,CUST_01423,11.45,85.0,False
FR_012,CUST_01404,11.9,85.0,False
FR_012,CUST_01040,14.08,85.0,False
FR_012,CUST_01566,17.11,85.0,False
FR_012,CUST_01197,7.31,85.0,False
FR_012,CUST_01948,11.99,85.0,False
FR_012,CUST_01467,27.61,85.0,False
FR_012,CUST_00470,26.95,85.0,False
FR_012,CUST_00645,18.62,85.0,False
FR_012,CUST_00776,14.56,85.0,False
FR_012,CUST_01230,11.42,85.0,False
FR_012,CUST_01787,19.97,85.0,False
FR_012,CUST_01052,7.95,85.0,False
FR_012,CUST_01689,11.81,85.0,False
FR_012,CUST_00133,17.07,85.0,False
FR_012,CUST_01202,9.31,85.0,False
FR_012,CUST_01143,14.03,85.0,False
FR_012,CUST_00753,50.67,85.0,False
FR_012,CUST_00369,11.84,85.0,False
FR_012,CUST_01140,10.37,85.0,False
FR_012,CUST_00070,24.75,85.0,False
FR_012,CUST_00905,22.39,85.0,False
FR_012,CUST_00090,8.9,85.0,False
FR_012,CUST_01136,11.34,85.0,False
FR_012,CUST_01472,15.57,85.0,False
FR_012,CUST_00322,18.17,85.0,False
FR_012,CUST_00088,20.5,85.0,False
FR_012,CUST_01129,11.94,85.0,False
FR_012,CUST_01542,18.12,85.0,False
FR_012,CUST_01842,25.79,85.0,False
FR_012,CUST_01368,9.73,85.0,False
FR_012,CUST_00486,12.64,85.0,False
FR_012,CUST_00194,11.56,85.0,False
FR_012,CUST_00930,14.36,85.0,False
FR_012,CUST_01551,10.84,85.0,False
FR_012,CUST_00113,16.43,85.0,False
FR_012,CUST_01133,11.62,85.0,False
FR_012,CUST_01008,15.76,85.0,False
FR_012,CUST_01026,11.57,85.0,False
FR_012,CUST_01620,30.05,85.0,False
FR_012,CUST_00698,9.28,85.0,False
FR_012,CUST_00272,9.89,85.0,False
FR_013,CUST_00237,22.48,85.0,False
FR_013,CUST_01330,36.46,85.0,False
FR_013,CUST_00099,12.18,85.0,False
FR_013,CUST_00836,19.0,85.0,False
FR_013,CUST_01910,9.47,85.0,False
FR_013,CUST_01464,12.16,85.0,False
FR_013,CUST_01010,9.46,85.0,False
FR_013,CUST_01036,14.58,85.0,False
FR_013,CUST_00042,26.99,85.0,False
FR_013,CUST_00093,13.23,85.0,False
FR_013,CUST_00942,15.19,85.0,False
FR_013,CUST_01462,16.66,85.0,False
FR_013,CUST_00304,12.44,85.0,False
FR_013,CUST_01378,7.8,85.0,False
FR_013,CUST_00177,7.7,85.0,False
FR_013,CUST_01607,7.77,85.0,False
FR_013,CUST_01643,33.31,85.0,False
FR_013,CUST_01292,21.3,85.0,False
FR_013,CUST_00085,19.45,85.0,False
FR_013,CUST_00751,11.51,85.0,False
FR_013,CUST_00346,12.74,85.0,False
FR_013,CUST_01138,10.18,85.0,False
FR_013,CUST_01613,9.07,85.0,False
FR_013,CUST_00396,7.16,85.0,False
FR_013,CUST_00256,20.75,85.0,False
FR_013,CUST_01801,45.78,85.0,False
FR_013,CUST_01957,10.78,85.0,False
FR_013,CUST_00548,11.83,85.0,False
FR_013,CUST_01453,11.64,85.0,False
FR_013,CUST_00795,9.9,85.0,False
FR_013,CUST_01153,11.28,85.0,False
FR_013,CUST_01256,11.27,85.0,False
FR_013,CUST_01629,12.15,85.0,False
FR_013,CUST_00707,13.32,85.0,False
FR_013,CUST_00337,12.27,85.0,False
FR_013,CUST_01254,8.38,85.0,False
FR_013,CUST_00102,14.16,85.0,False
FR_013,CUST_01073,16.34,85.0,False
FR_013,CUST_01515,47.38,85.0,False
FR_013,CUST_01060,19.79,85.0,False
FR_013,CUST_01224,34.82,85.0,False
FR_013,CUST_00873,12.97,85.0,False
FR_013,CUST_01513,10.84,85.0,False
FR_013,CUST_00127,18.7,85.0,False
FR_013,CUST_00211,31.89,85.0,False
FR_013,CUST_00449,10.72,85.0,False
FR_013,CUST_00146,51.23,85.0,False
FR_013,CUST_00465,16.62,85.0,False
FR_013,CUST_00657,10.0,85.0,False
FR_013,CUST_01674,18.25,85.0,False
FR_013,CUST_00334,13.94,85.0,False
FR_013,CUST_00354,22.59,85.0,False
FR_013,CUST_01943,11.47,85.0,False
FR_013,CUST_00168,41.81,85.0,False
FR_013,CUST_00896,11.68,85.0,False
FR_013,CUST_00686,9.32,85.0,False
FR_013,CUST_01021,14.94,85.0,False
FR_013,CUST_01931,16.73,85.0,False
FR_013,CUST_00431,34.88,85.0,False
FR_013,CUST_00678,13.02,85.0,False
FR_013,CUST_01105,22.41,85.0,False
FR_013,CUST_01488,10.59,85.0,False
FR_013,CUST_01184,9.32,85.0,False
FR_013,CUST_01293,10.86,85.0,False
FR_013,CUST_01996,11.74,85.0,False
FR_013,CUST_00621,12.97,85.0,False
FR_013,CUST_01729,9.44,85.0,False
FR_013,CUST_00973,7.8,85.0,False
FR_013,CUST_01459,8.0,85.0,False
FR_013,CUST_01802,18.15,85.0,False
FR_013,CUST_01810,13.35,85.0,False
FR_013,CUST_00027,26.86,85.0,False
FR_013,CUST_01596,17.11,85.0,True
FR_013,CUST_01278,11.62,85.0,False
FR_013,CUST_00785,20.88,85.0,False
FR_013,CUST_00478,18.33,85.0,False
FR_013,CUST_00564,8.15,85.0,False
FR_013,CUST_00694,23.6,85.0,False
FR_013,CUST_00911,17.62,85.0,False
FR_013,CUST_01043,41.89,85.0,False
FR_013,CUST_01670,29.29,85.0,False
FR_013,CUST_01990,13.93,85.0,False
FR_013,CUST_01768,11.28,85.0,False
FR_013,CUST_00156,14.18,85.0,False
FR_013,CUST_00695,18.39,85.0,False
FR_013,CUST_01159,19.44,85.0,False
FR_013,CUST_00514,10.33,85.0,False
FR_013,CUST_00236,43.02,85.0,False
FR_013,CUST_00758,41.78,85.0,False
FR_013,CUST_01229,9.69,85.0,False
FR_013,CUST_00592,12.74,85.0,False
FR_013,CUST_00763,14.43,85.0,False
FR_013,CUST_00974,21.75,85.0,False
FR_013,CUST_01027,17.97,85.0,False
FR_013,CUST_01266,13.82,85.0,False
FR_013,CUST_00996,37.11,85.0,False
FR_013,CUST_01519,14.83,85.0,False
FR_013,CUST_01798,9.26,85.0,False
FR_013,CUST_00501,10.46,85.0,False
FR_014,CUST_01107,7.75,68.0,False
FR_014,CUST_01502,18.63,68.0,False
FR_014,CUST_00345,18.26,68.0,False
FR_014,CUST_00469,10.88,68.0,False
FR_014,CUST_01642,18.67,68.0,False
FR_014,CUST_00784,11.08,68.0,False
FR_014,CUST_01656,11.15,68.0,False
FR_014,CUST_00700,10.65,68.0,False
FR_014,CUST_01391,13.93,68.0,False
FR_014,CUST_00494,12.68,68.0,False
FR_014,CUST_00589,15.3,68.0,False
FR_014,CUST_01385,15.3,68.0,False
FR_014,CUST_00913,13.94,68.0,False
FR_014,CUST_00170,14.16,68.0,False
FR_014,CUST_01203,12.82,68.0,False
FR_014,CUST_00616,10.58,68.0,False
FR_014,CUST_00833,15.21,68.0,False
FR_014,CUST_01567,9.24,68.0,False
FR_014,CUST_01191,11.86,68.0,False
FR_014,CUST_00848,14.49,68.0,False
FR_014,CUST_00439,12.57,68.0,False
FR_014,CUST_00286,11.65,68.0,False
FR_014,CUST_01082,24.82,68.0,False
FR_014,CUST_01431,17.83,68.0,False
FR_014,CUST_01187,8.36,68.0,True
FR_014,CUST_00864,10.27,68.0,False
FR_014,CUST_00946,12.98,68.0,False
FR_014,CUST_01584,7.99,68.0,False
FR_014,CUST_00049,38.15,68.0,False
FR_014,CUST_01015,12.74,68.0,False
FR_014,CUST_02000,40.03,68.0,False
FR_014,CUST_00212,16.48,68.0,False
FR_014,CUST_01485,16.12,68.0,False
FR_014,CUST_00672,37.67,68.0,False
FR_014,CUST_00035,34.49,68.0,False
FR_014,CUST_00496,9.22,68.0,False
FR_014,CUST_01769,16.3,68.0,False
FR_014,CUST_00022,7.12,68.0,False
FR_014,CUST_00103,7.5,68.0,False
FR_014,CUST_00521,22.77,68.0,False
FR_014,CUST_00126,41.7,68.0,False
FR_014,CUST_00171,10.97,68.0,False
FR_014,CUST_00696,14.63,68.0,False
FR_014,CUST_01585,19.23,68.0,False
FR_014,CUST_01491,9.6,68.0,False
FR_014,CUST_01333,9.66,68.0,False
FR_014,CUST_01879,14.92,68.0,False
FR_014,CUST_01205,11.99,68.0,False
FR_014,CUST_00689,8.27,68.0,False
FR_015,CUST_00912,16.04,96.95,False
FR_015,CUST_00898,13.58,96.95,False
FR_015,CUST_00877,24.6,96.95,False
FR_015,CUST_01044,11.04,96.95,False
FR_015,CUST_01066,11.27,96.95,False
FR_015,CUST_01098,9.09,96.95,False
FR_015,CUST_00804,41.83,96.95,False
FR_015,CUST_00204,10.22,96.95,False
FR_015,CUST_01233,11.55,96.95,False
FR_015,CUST_00818,7.9,96.95,False
FR_015,CUST_00029,24.27,96.95,False
FR_015,CUST_01247,8.82,96.95,False
FR_015,CUST_01940,9.76,96.95,False
FR_015,CUST_01046,26.35,96.95,False
FR_015,CUST_00462,9.94,96.95,False
FR_015,CUST_00778,12.03,96.95,False
FR_015,CUST_00713,39.22,96.95,False
FR_015,CUST_00919,11.25,96.95,False
FR_015,CUST_01612,11.85,96.95,False
FR_015,CUST_00732,38.72,96.95,False
FR_015,CUST_00679,18.05,96.95,False
FR_015,CUST_00032,21.2,96.95,False
FR_015,CUST_00118,20.45,96.95,False
FR_015,CUST_01651,13.99,96.95,False
FR_015,CUST_00208,8.76,96.95,False
FR_015,CUST_01777,9.8,96.95,False
FR_015,CUST_01934,12.39,96.95,False
FR_015,CUST_00425,11.02,96.95,False
FR_015,CUST_00031,19.75,96.95,False
FR_015,CUST_01071,11.63,96.95,False
FR_015,CUST_00660,7.33,96.95,False
FR_015,CUST_00682,19.29,96.95,False
FR_015,CUST_01049,15.48,96.95,False
FR_015,CUST_00432,9.7,96.95,False
FR_015,CUST_00484,26.29,96.95,False
FR_015,CUST_01583,10.58,96.95,False
FR_015,CUST_01379,39.15,96.95,False
FR_015,CUST_00738,37.72,96.95,False
FR_015,CUST_01859,31.05,96.95,False
FR_015,CUST_00846,15.77,96.95,False
FR_015,CUST_00492,16.08,96.95,False
FR_015,CUST_00409,9.05,96.95,False
FR_015,CUST_00963,13.41,96.95,False
FR_015,CUST_00890,19.76,96.95,False
FR_015,CUST_00276,13.69,96.95,False
FR_015,CUST_01913,15.13,96.95,False
FR_015,CUST_00757,10.87,96.95,False
FR_015,CUST_00033,20.99,96.95,False
FR_015,CUST_00604,8.67,96.95,False
FR_015,CUST_00028,29.77,96.95,False
FR_015,CUST_00207,10.87,96.95,False
FR_015,CUST_00789,12.22,96.95,False
FR_015,CUST_00122,18.99,96.95,False
FR_015,CUST_00030,20.86,96.95,True
FR_015,CUST_01139,15.45,96.95,False
FR_015,CUST_00625,15.1,96.95,False
FR_015,CUST_00295,14.64,96.95,False
FR_015,CUST_00249,25.56,96.95,False
FR_015,CUST_01411,10.04,96.95,False
FR_015,CUST_00023,12.54,96.95,False
FR_015,CUST_01461,19.65,96.95,False
FR_015,CUST_00800,17.85,96.95,False
FR_015,CUST_01179,10.82,96.95,False
FR_015,CUST_01828,8.82,96.95,False
FR_015,CUST_01092,15.44,96.95,False
FR_015,CUST_01945,17.74,96.95,False
FR_015,CUST_01565,25.27,96.95,False
FR_015,CUST_00909,14.13,96.95,False
FR_015,CUST_01615,17.81,96.95,False
FR_015,CUST_00105,26.42,96.95,False
FR_015,CUST_00559,23.73,96.95,False
FR_015,CUST_01598,16.62,96.95,False
FR_015,CUST_01448,17.78,96.95,False
FR_015,CUST_01077,38.17,96.95,False
FR_015,CUST_00897,9.63,96.95,False
FR_015,CUST_01318,9.09,96.95,False
FR_015,CUST_00971,9.6,96.95,False
FR_015,CUST_00364,11.74,96.95,False
FR_015,CUST_00335,8.99,96.95,False
FR_015,CUST_01803,8.29,96.95,False
FR_015,CUST_00196,13.15,96.95,False
FR_015,CUST_00347,27.05,96.95,False
FR_015,CUST_01394,9.47,96.95,False
FR_015,CUST_01062,29.04,96.95,False
FR_015,CUST_00901,20.42,96.95,False
FR_015,CUST_01696,10.49,96.95,False
FR_016,CUST_01064,15.17,96.9,False
FR_016,CUST_01096,16.14,96.9,False
FR_016,CUST_01471,17.93,96.9,False
FR_016,CUST_01211,17.74,96.9,False
FR_016,CUST_01181,12.29,96.9,False
FR_016,CUST_00145,18.51,96.9,False
FR_016,CUST_01526,10.41,96.9,False
FR_016,CUST_00186,16.9,96.9,False
FR_016,CUST_01076,32.67,96.9,False
FR_016,CUST_00786,13.02,96.9,False
FR_016,CUST_00720,9.69,96.9,False
FR_016,CUST_00727,14.52,96.9,False
FR_016,CUST_00595,24.12,96.9,False
FR_016,CUST_00389,34.54,96.9,False
FR_016,CUST_01539,41.95,96.9,False
FR_016,CUST_01236,25.06,96.9,False
FR_016,CUST_01870,18.38,96.9,False
FR_016,CUST_00712,13.51,96.9,False
FR_016,CUST_01927,13.36,96.9,False
FR_016,CUST_01669,11.54,96.9,False
FR_016,CUST_01981,11.12,96.9,False
FR_016,CUST_00961,14.6,96.9,False
FR_016,CUST_00953,15.5,96.9,False
FR_016,CUST_00174,10.45,96.9,False
FR_016,CUST_01677,10.46,96.9,False
FR_016,CUST_00115,10.96,96.9,False
FR_016,CUST_01942,13.4,96.9,False
FR_016,CUST_01912,8.34,96.9,False
FR_016,CUST_00149,19.18,96.9,False
FR_016,CUST_00580,24.66,96.9,False
FR_016,CUST_00875,14.47,96.9,False
FR_016,CUST_00741,19.6,96.9,False
FR_016,CUST_00779,16.97,96.9,False
FR_016,CUST_01718,16.49,96.9,False
FR_016,CUST_00428,19.06,96.9,False
FR_016,CUST_01722,22.94,96.9,False
FR_016,CUST_01232,8.9,96.9,False
FR_016,CUST_01690,19.65,96.9,False
FR_016,CUST_00104,24.08,96.9,False
FR_016,CUST_00861,14.79,96.9,False
FR_016,CUST_00569,18.72,96.9,False
FR_016,CUST_00943,48.96,96.9,False
FR_016,CUST_00363,10.24,96.9,False
FR_016,CUST_01699,10.94,96.9,False
FR_016,CUST_00235,9.84,96.9,False
FR_016,CUST_00397,14.49,96.9,False
FR_016,CUST_01825,18.74,96.9,False
FR_016,CUST_01116,12.01,96.9,False
FR_016,CUST_00375,10.19,96.9,False
FR_016,CUST_00685,7.74,96.9,False
FR_016,CUST_01039,6.89,96.9,False
FR_016,CUST_00816,41.85,96.9,False
FR_016,CUST_01123,12.1,96.9,False
FR_016,CUST_01465,9.16,96.9,False
FR_016,CUST_01262,8.25,96.9,False
FR_016,CUST_01094,17.17,96.9,False
FR_016,CUST_01037,10.89,96.9,False
FR_016,CUST_01327,14.84,96.9,False
FR_016,CUST_01239,13.43,96.9,False
FR_016,CUST_00341,16.62,96.9,False
FR_016,CUST_01730,8.14,96.9,False
FR_016,CUST_01284,8.59,96.9,False
FR_016,CUST_00736,7.81,96.9,False
FR_016,CUST_00078,16.95,96.9,False
FR_016,CUST_00197,15.98,96.9,False
FR_016,CUST_00690,18.49,96.9,False
FR_016,CUST_00737,14.36,96.9,False
FR_016,CUST_01916,15.38,96.9,False
FR_016,CUST_01630,17.95,96.9,False
FR_016,CUST_01528,10.52,96.9,False
FR_016,CUST_00190,11.34,96.9,False
FR_016,CUST_00926,9.22,96.9,False
FR_016,CUST_00476,7.25,96.9,False
FR_016,CUST_01851,8.68,96.9,False
FR_016,CUST_01776,8.36,96.9,False
FR_016,CUST_00246,10.85,96.9,True
FR_016,CUST_00175,9.01,96.9,False
FR_016,CUST_00422,17.91,96.9,False
FR_016,CUST_01119,13.51,96.9,False
FR_016,CUST_00883,8.81,96.9,False
FR_016,CUST_00148,13.39,96.9,False
FR_016,CUST_01641,12.65,96.9,False
FR_016,CUST_00907,14.05,96.9,False
FR_016,CUST_00894,27.8,96.9,False
FR_016,CUST_01255,8.45,96.9,False
FR_016,CUST_00140,18.03,96.9,False
FR_016,CUST_01056,8.78,96.9,False
FR_016,CUST_00652,7.81,96.9,False
FR_016,CUST_01352,12.82,96.9,False
FR_016,CUST_00384,11.74,96.9,False
FR_016,CUST_01322,10.54,96.9,False
FR_016,CUST_01019,10.97,96.9,False
FR_016,CUST_00479,17.73,96.9,False
FR_016,CUST_00262,12.62,96.9,False
FR_016,CUST_00561,10.73,96.9,False
FR_016,CUST_01498,16.93,96.9,False
FR_016,CUST_00680,9.24,96.9,False
FR_017,CUST_00416,44.05,100.0,False
FR_017,CUST_01340,14.74,100.0,False
FR_017,CUST_00904,18.51,100.0,False
FR_017,CUST_01375,14.04,100.0,False
FR_017,CUST_01463,8.02,100.0,False
FR_017,CUST_00164,10.37,100.0,True
FR_017,CUST_00359,17.67,100.0,False
FR_017,CUST_01915,24.91,100.0,False
FR_017,CUST_00445,15.81,100.0,False
FR_017,CUST_00303,6.95,100.0,False
FR_017,CUST_00729,15.64,100.0,False
FR_017,CUST_00320,12.37,100.0,False
FR_017,CUST_01537,9.64,100.0,False
FR_017,CUST_00884,14.91,100.0,False
FR_017,CUST_01697,11.55,100.0,False
FR_017,CUST_00342,20.9,100.0,False
FR_017,CUST_01490,13.72,100.0,False
FR_017,CUST_00373,27.0,100.0,False
FR_017,CUST_00906,21.52,100.0,False
FR_017,CUST_00637,11.04,100.0,False
FR_017,CUST_01763,7.79,100.0,False
FR_017,CUST_00151,11.27,100.0,False
FR_017,CUST_00927,12.49,100.0,False
FR_017,CUST_00857,9.33,100.0,False
FR_017,CUST_01764,14.06,100.0,False
FR_017,CUST_00659,15.11,100.0,False
FR_017,CUST_01976,10.23,100.0,False
FR_017,CUST_01183,51.77,100.0,False
FR_017,CUST_01890,16.38,100.0,False
FR_017,CUST_01294,25.56,100.0,False
FR_017,CUST_00965,9.6,100.0,False
FR_017,CUST_00109,9.98,100.0,False
FR_017,CUST_01824,11.65,100.0,False
FR_017,CUST_00257,16.98,100.0,False
FR_017,CUST_01638,29.74,100.0,False
FR_017,CUST_00839,11.57,100.0,False
FR_017,CUST_00631,9.06,100.0,False
FR_017,CUST_01245,11.71,100.0,False
FR_017,CUST_01902,12.19,100.0,False
FR_017,CUST_00167,11.19,100.0,False
FR_017,CUST_01873,54.47,100.0,False
FR_017,CUST_00374,33.83,100.0,False
FR_017,CUST_01829,54.61,100.0,False
FR_017,CUST_00488,19.68,100.0,False
FR_017,CUST_00989,15.02,100.0,False
FR_017,CUST_01719,19.82,100.0,False
FR_017,CUST_00178,9.18,100.0,False
FR_017,CUST_01955,11.99,100.0,False
FR_017,CUST_00582,22.51,100.0,False
FR_017,CUST_01861,10.4,100.0,False
FR_017,CUST_01068,23.38,100.0,False
FR_017,CUST_00622,11.25,100.0,False
FR_017,CUST_01196,16.96,100.0,False
FR_017,CUST_00310,13.95,100.0,False
FR_017,CUST_00182,20.91,100.0,False
FR_017,CUST_01988,15.34,100.0,False
FR_017,CUST_00002,49.31,100.0,False
FR_017,CUST_01110,19.39,100.0,False
FR_017,CUST_00924,14.99,100.0,False
FR_017,CUST_01738,10.09,100.0,False
FR_017,CUST_01486,14.4,100.0,False
FR_017,CUST_01025,22.93,100.0,False
FR_017,CUST_01086,10.12,100.0,False
FR_017,CUST_01635,42.68,100.0,False
FR_017,CUST_00553,9.01,100.0,False
FR_017,CUST_01444,13.55,100.0,False
FR_017,CUST_00591,13.18,100.0,False
FR_017,CUST_00040,29.75,100.0,False
FR_017,CUST_01606,42.27,100.0,False
FR_017,CUST_00459,11.59,100.0,False
FR_017,CUST_01317,10.51,100.0,False
FR_017,CUST_00812,16.29,100.0,False
FR_017,CUST_01356,12.55,100.0,False
FR_017,CUST_01693,8.13,100.0,False
FR_017,CUST_00769,12.76,100.0,False
FR_017,CUST_01083,15.79,100.0,False
FR_017,CUST_00485,13.93,100.0,False
FR_017,CUST_01854,12.81,100.0,False
FR_017,CUST_01644,11.07,100.0,False
FR_017,CUST_01761,14.07,100.0,False
FR_017,CUST_01384,26.64,100.0,False
FR_017,CUST_01837,12.02,100.0,False
FR_017,CUST_00856,10.71,100.0,False
FR_017,CUST_00187,10.77,100.0,False
FR_017,CUST_00814,12.0,100.0,False
FR_017,CUST_00132,10.02,100.0,False
FR_017,CUST_00668,18.87,100.0,False
FR_017,CUST_00038,22.76,100.0,False
FR_017,CUST_00387,18.39,100.0,False
FR_017,CUST_00597,32.73,100.0,False
FR_017,CUST_01962,41.92,100.0,False
FR_017,CUST_01985,14.53,100.0,False
FR_017,CUST_00092,8.49,100.0,False
FR_017,CUST_00385,9.75,100.0,False
FR_017,CUST_00278,11.81,100.0,False
FR_017,CUST_01034,19.04,100.0,False
FR_017,CUST_01114,9.02,100.0,False
FR_017,CUST_00259,13.19,100.0,False
FR_017,CUST_01058,9.74,100.0,False
FR_017,CUST_01109,8.88,100.0,False
FR_017,CUST_00162,41.99,100.0,False
FR_017,CUST_00962,18.18,100.0,False
FR_017,CUST_01750,14.37,100.0,False
FR_017,CUST_01496,12.63,100.0,False
FR_017,CUST_00203,8.41,100.0,False
FR_017,CUST_01457,14.31,100.0,False
FR_017,CUST_00473,14.91,100.0,False
FR_017,CUST_00376,11.5,100.0,False
FR_017,CUST_00312,11.18,100.0,False
FR_017,CUST_01745,7.87,100.0,False
FR_017,CUST_01436,41.96,100.0,False
FR_017,CUST_01698,9.38,100.0,False
FR_017,CUST_01903,16.43,100.0,False
FR_017,CUST_00404,14.27,100.0,False
FR_017,CUST_01721,15.66,100.0,False
FR_017,CUST_01312,10.54,100.0,False
FR_017,CUST_00491,8.54,100.0,False
FR_017,CUST_01901,15.09,100.0,False
FR_017,CUST_00282,20.15,100.0,False
FR_017,CUST_01928,12.15,100.0,False
FR_017,CUST_01483,40.0,100.0,False
FR_017,CUST_01965,12.34,100.0,False
FR_017,CUST_01120,20.33,100.0,False
FR_017,CUST_01579,16.36,100.0,False
FR_017,CUST_01964,17.85,100.0,False
FR_017,CUST_01104,9.45,100.0,False
FR_017,CUST_00247,8.63,100.0,False
FR_017,CUST_00258,9.4,100.0,False
FR_017,CUST_01118,41.7,100.0,False
FR_017,CUST_01788,12.18,100.0,False
FR_017,CUST_01796,11.06,100.0,False
FR_017,CUST_01628,8.3,100.0,False
FR_017,CUST_00646,7.47,100.0,False
FR_017,CUST_01664,7.62,100.0,False
FR_017,CUST_00433,12.43,100.0,False
FR_017,CUST_00837,7.21,100.0,False
FR_017,CUST_01373,17.56,100.0,False
FR_017,CUST_00518,32.1,100.0,False
FR_017,CUST_00270,18.64,100.0,False
FR_017,CUST_01011,13.24,100.0,False
FR_017,CUST_01686,15.88,100.0,False
FR_017,CUST_00575,13.5,100.0,False
FR_017,CUST_01860,9.34,100.0,False
FR_017,CUST_01134,13.4,100.0,False
FR_017,CUST_01142,14.88,100.0,False
FR_017,CUST_00517,8.12,100.0,False
FR_017,CUST_00799,8.86,100.0,False
FR_017,CUST_01433,21.81,100.0,False
FR_017,CUST_01323,10.91,100.0,False
FR_017,CUST_01145,13.13,100.0,False
FR_017,CUST_01437,13.39,100.0,False
FR_017,CUST_00870,25.37,100.0,False
FR_017,CUST_00466,17.14,100.0,False
FR_017,CUST_01786,20.8,100.0,False
FR_017,CUST_01363,23.58,100.0,False
FR_017,CUST_01106,20.66,100.0,False
FR_017,CUST_01933,10.19,100.0,False
FR_017,CUST_00352,15.3,100.0,False
FR_017,CUST_00157,17.38,100.0,False
FR_017,CUST_00964,9.38,100.0,False
FR_017,CUST_01220,16.44,100.0,False
FR_018,CUST_01214,17.23,96.97,False
FR_018,CUST_01023,15.36,96.97,False
FR_018,CUST_00826,22.56,96.97,False
FR_018,CUST_01889,18.61,96.97,False
FR_018,CUST_00245,6.65,96.97,False
FR_018,CUST_00688,15.25,96.97,False
FR_018,CUST_00087,16.57,96.97,False
FR_018,CUST_00399,13.68,96.97,False
FR_018,CUST_01057,29.67,96.97,False
FR_018,CUST_01204,11.53,96.97,False
FR_018,CUST_01313,12.72,96.97,True
FR_018,CUST_00766,12.62,96.97,False
FR_018,CUST_00284,14.05,96.97,False
FR_018,CUST_01744,12.16,96.97,False
FR_018,CUST_00244,14.63,96.97,False
FR_018,CUST_01419,11.14,96.97,False
FR_018,CUST_00820,9.03,96.97,False
FR_018,CUST_01975,9.89,96.97,False
FR_018,CUST_01520,13.02,96.97,False
FR_018,CUST_01616,7.77,96.97,False
FR_018,CUST_00464,15.99,96.97,False
FR_018,CUST_00252,26.43,96.97,False
FR_018,CUST_01956,13.91,96.97,False
FR_018,CUST_00810,38.57,96.97,False
FR_018,CUST_01314,14.42,96.97,False
FR_018,CUST_00240,12.4,96.97,False
FR_018,CUST_00655,8.04,96.97,False
FR_018,CUST_01865,19.46,96.97,False
FR_018,CUST_00516,12.48,96.97,False
FR_018,CUST_01450,17.33,96.97,False
FR_018,CUST_01277,8.16,96.97,False
FR_018,CUST_00612,10.83,96.97,False
FR_018,CUST_01439,14.82,96.97,False
FR_018,CUST_01518,7.32,96.97,False
FR_018,CUST_00185,14.79,96.97,False
FR_018,CUST_00540,11.84,96.97,False
FR_018,CUST_01031,34.11,96.97,False
FR_018,CUST_00802,17.79,96.97,False
FR_018,CUST_00958,9.61,96.97,False
FR_018,CUST_00709,11.63,96.97,False
FR_018,CUST_01087,9.56,96.97,False
FR_018,CUST_01348,17.17,96.97,False
FR_018,CUST_01070,17.9,96.97,False
FR_018,CUST_01341,8.42,96.97,False
FR_018,CUST_00039,21.63,96.97,False
FR_018,CUST_01441,20.24,96.97,False
FR_018,CUST_01442,6.69,96.97,False
FR_018,CUST_01172,41.91,96.97,False
FR_018,CUST_00390,19.83,96.97,False
FR_018,CUST_00629,16.68,96.97,False
FR_018,CUST_00920,16.1,96.97,False
FR_018,CUST_00815,14.99,96.97,False
FR_018,CUST_00191,9.16,96.97,False
FR_018,CUST_00934,10.64,96.97,False
FR_018,CUST_01558,17.88,96.97,False
FR_018,CUST_01231,26.61,96.97,False
FR_018,CUST_00153,9.78,96.97,False
FR_018,CUST_01816,15.5,96.97,False
FR_019,CUST_00152,19.62,85.0,False
FR_019,CUST_01267,12.44,85.0,False
FR_019,CUST_01919,9.58,85.0,False
FR_019,CUST_01353,22.53,85.0,False
FR_019,CUST_00323,17.55,85.0,False
FR_019,CUST_01250,11.95,85.0,False
FR_019,CUST_01186,41.74,85.0,False
FR_019,CUST_00273,14.36,85.0,False
FR_019,CUST_00096,50.92,85.0,False
FR_019,CUST_00900,10.02,85.0,False
FR_019,CUST_00360,17.5,85.0,False
FR_019,CUST_01024,10.79,85.0,False
FR_019,CUST_00823,6.75,85.0,False
FR_019,CUST_00253,15.68,85.0,False
FR_019,CUST_00583,17.83,85.0,False
FR_019,CUST_01662,9.56,85.0,False
FR_019,CUST_01814,12.9,85.0,False
FR_019,CUST_01604,14.2,85.0,False
FR_019,CUST_01427,11.31,85.0,False
FR_019,CUST_00545,13.28,85.0,False
FR_019,CUST_01059,13.76,85.0,False
FR_019,CUST_00526,9.1,85.0,False
FR_019,CUST_00893,24.1,85.0,False
FR_019,CUST_01640,10.42,85.0,False
FR_019,CUST_00319,8.82,85.0,False
FR_019,CUST_01858,11.94,85.0,False
FR_019,CUST_01987,9.82,85.0,False
FR_019,CUST_00137,8.64,85.0,False
FR_019,CUST_00300,42.1,85.0,False
FR_019,CUST_00116,41.84,85.0,False
FR_019,CUST_01597,9.31,85.0,False
FR_019,CUST_01050,21.47,85.0,False
FR_019,CUST_00424,11.5,85.0,False
FR_019,CUST_01516,8.82,85.0,False
FR_019,CUST_00527,12.15,85.0,False
FR_019,CUST_01161,23.28,85.0,False
FR_019,CUST_00184,17.43,85.0,False
FR_019,CUST_01559,24.4,85.0,True
FR_019,CUST_00327,12.8,85.0,False
FR_019,CUST_01257,19.94,85.0,False
FR_019,CUST_00642,6.91,85.0,False
FR_019,CUST_00215,14.29,85.0,False
FR_019,CUST_01676,42.02,85.0,False
FR_019,CUST_00754,21.66,85.0,False
FR_019,CUST_00343,12.96,85.0,False
FR_019,CUST_01002,10.56,85.0,False
FR_019,CUST_01271,13.67,85.0,False
FR_019,CUST_01351,13.62,85.0,False
FR_019,CUST_01207,19.43,85.0,False
FR_019,CUST_01781,9.63,85.0,False
FR_019,CUST_01300,32.93,85.0,False
FR_019,CUST_01168,12.54,85.0,False
FR_020,CUST_01042,10.12,69.5,False
FR_020,CUST_01001,14.41,69.5,False
FR_020,CUST_01625,10.36,69.5,False
FR_020,CUST_01875,14.94,69.5,False
FR_020,CUST_01993,22.91,69.5,False
FR_020,CUST_01645,8.85,69.5,False
FR_020,CUST_01482,14.08,69.5,False
FR_020,CUST_00441,11.75,69.5,False
FR_020,CUST_00968,13.34,69.5,False
FR_020,CUST_01124,18.04,69.5,False
FR_020,CUST_00610,15.79,69.5,False
FR_020,CUST_00866,16.14,69.5,False
FR_020,CUST_01135,11.86,69.5,False
FR_020,CUST_01479,16.05,69.5,False
FR_020,CUST_01054,19.1,69.5,False
FR_020,CUST_00043,33.34,69.5,False
FR_020,CUST_01925,10.39,69.5,False
FR_020,CUST_00669,41.87,69.5,False
FR_020,CUST_01692,6.7,69.5,False
FR_020,CUST_00716,41.77,69.5,False
FR_020,CUST_01893,24.09,69.5,False
FR_020,CUST_00615,10.05,69.5,False
FR_020,CUST_00159,10.07,69.5,False
FR_020,CUST_01671,15.05,69.5,False
FR_020,CUST_01382,12.38,69.5,False
FR_020,CUST_01091,7.84,69.5,False
FR_020,CUST_01599,12.57,69.5,False
FR_020,CUST_01517,8.84,69.5,False
FR_020,CUST_00647,33.8,69.5,False
FR_020,CUST_00173,18.86,69.5,False
FR_020,CUST_01661,18.39,69.5,False
FR_020,CUST_01846,25.05,69.5,False
FR_020,CUST_00239,18.9,69.5,False
FR_020,CUST_00447,14.53,69.5,False
FR_020,CUST_00427,19.45,69.5,False
FR_020,CUST_01602,19.31,69.5,False
FR_020,CUST_00098,14.13,69.5,False
FR_020,CUST_00329,7.41,69.5,False
FR_020,CUST_01813,28.36,69.5,False
FR_020,CUST_01911,10.15,69.5,False
FR_020,CUST_00306,31.48,69.5,False
FR_020,CUST_00234,12.34,69.5,False
FR_020,CUST_01198,11.47,69.5,False
FR_020,CUST_00936,9.13,69.5,False
FR_020,CUST_01358,9.99,69.5,False
FR_020,CUST_01775,19.85,69.5,True
FR_020,CUST_00587,11.79,69.5,False
FR_021,CUST_00498,9.72,85.0,False
FR_021,CUST_00852,23.05,85.0,False
FR_021,CUST_01548,12.17,85.0,False
FR_021,CUST_00932,17.37,85.0,False
FR_021,CUST_01914,8.04,85.0,False
FR_021,CUST_01809,8.9,85.0,False
FR_021,CUST_01115,18.91,85.0,False
FR_021,CUST_01174,16.02,85.0,False
FR_021,CUST_00073,13.82,85.0,False
FR_021,CUST_00588,8.4,85.0,False
FR_021,CUST_01141,11.23,85.0,False
FR_021,CUST_00011,12.39,85.0,False
FR_021,CUST_01305,12.76,85.0,False
FR_021,CUST_00506,20.98,85.0,False
FR_021,CUST_01576,9.42,85.0,False
FR_021,CUST_00576,19.69,85.0,False
FR_021,CUST_01969,22.32,85.0,False
FR_021,CUST_01739,12.65,85.0,False
FR_021,CUST_01454,9.41,85.0,False
FR_021,CUST_00082,8.9,85.0,False
FR_021,CUST_01619,8.95,85.0,False
FR_021,CUST_01147,15.17,85.0,False
FR_021,CUST_00851,23.32,85.0,False
FR_021,CUST_01680,11.07,85.0,False
FR_021,CUST_00265,13.32,85.0,False
FR_021,CUST_01099,11.76,85.0,False
FR_021,CUST_01907,12.42,85.0,False
FR_021,CUST_01534,21.93,85.0,False
FR_021,CUST_00283,23.38,85.0,False
FR_021,CUST_01311,8.68,85.0,False
FR_021,CUST_00671,41.92,85.0,False
FR_021,CUST_00895,25.8,85.0,False
FR_021,CUST_00656,11.0,85.0,False
FR_021,CUST_01497,8.36,85.0,False
FR_021,CUST_00017,15.03,85.0,False
FR_021,CUST_00543,10.95,85.0,False
FR_021,CUST_01594,9.18,85.0,False
FR_021,CUST_01328,15.23,85.0,False
FR_021,CUST_00199,18.36,85.0,False
FR_021,CUST_01146,8.33,85.0,False
FR_021,CUST_00730,8.78,85.0,False
FR_021,CUST_01219,10.15,85.0,False
FR_021,CUST_00513,13.97,85.0,False
FR_021,CUST_00016,11.09,85.0,False
FR_021,CUST_00880,18.71,85.0,False
FR_021,CUST_00797,16.92,85.0,False
FR_021,CUST_00471,10.7,85.0,False
FR_021,CUST_00970,17.18,85.0,False
FR_021,CUST_01658,51.11,85.0,False
FR_021,CUST_00366,26.19,85.0,False
FR_021,CUST_01590,48.52,85.0,False
FR_021,CUST_00012,16.55,85.0,False
FR_021,CUST_00013,12.11,85.0,True
FR_021,CUST_01006,12.97,85.0,False
FR_021,CUST_00477,12.77,85.0,False
FR_021,CUST_01285,16.7,85.0,False
FR_021,CUST_00634,13.78,85.0,False
FR_021,CUST_00393,41.96,85.0,False
FR_021,CUST_01511,13.82,85.0,False
FR_021,CUST_00110,20.84,85.0,False
FR_021,CUST_00021,9.81,85.0,False
FR_021,CUST_00243,8.45,85.0,False
FR_021,CUST_00483,9.92,85.0,False
FR_021,CUST_01509,15.72,85.0,False
FR_021,CUST_00400,9.52,85.0,False
FR_021,CUST_00731,12.03,85.0,False
FR_021,CUST_01241,14.03,85.0,False
FR_021,CUST_00015,17.62,85.0,False
FR_021,CUST_01897,41.88,85.0,False
FR_021,CUST_00654,12.0,85.0,False
FR_021,CUST_01736,9.54,85.0,False
FR_021,CUST_00787,25.13,85.0,False
FR_021,CUST_01315,11.47,85.0,False
FR_021,CUST_01747,19.7,85.0,False
FR_021,CUST_01084,11.7,85.0,False
FR_021,CUST_00001,18.01,85.0,False
FR_021,CUST_00336,10.13,85.0,False
FR_021,CUST_00796,13.01,85.0,False
FR_021,CUST_00048,28.24,85.0,False
FR_021,CUST_00218,33.35,85.0,False
FR_021,CUST_00957,13.52,85.0,False
FR_021,CUST_01648,9.34,85.0,False
FR_021,CUST_01580,17.52,85.0,False
FR_021,CUST_00014,12.25,85.0,False
FR_021,CUST_01883,20.04,85.0,False
FR_021,CUST_01061,8.1,85.0,False
FR_021,CUST_01251,12.91,85.0,False
FR_021,CUST_01470,19.17,85.0,False
FR_021,CUST_00288,11.69,85.0,False
FR_021,CUST_01422,17.8,85.0,False
FR_021,CUST_00995,12.8,85.0,False
FR_021,CUST_00777,25.25,85.0,False
FR_021,CUST_01830,27.52,85.0,False
FR_021,CUST_00228,36.15,85.0,False
FR_021,CUST_00264,27.05,85.0,False
FR_021,CUST_01452,11.6,85.0,False
FR_021,CUST_00287,13.59,85.0,False
FR_021,CUST_01715,43.15,85.0,False
FR_021,CUST_01547,21.96,85.0,False
FR_021,CUST_00480,18.89,85.0,False
FR_021,CUST_01929,41.71,85.0,False
FR_021,CUST_01647,17.3,85.0,False
FR_021,CUST_01557,21.83,85.0,False
FR_021,CUST_01717,66.67,85.0,False
FR_021,CUST_01574,33.81,85.0,False
FR_021,CUST_01014,22.69,85.0,False
FR_021,CUST_00050,16.93,85.0,False
FR_021,CUST_01545,9.15,85.0,False
FR_021,CUST_01753,10.4,85.0,False
FR_021,CUST_01307,20.02,85.0,False
FR_021,CUST_00850,14.39,85.0,False
FR_021,CUST_00546,11.27,85.0,False
FR_021,CUST_00074,18.57,85.0,False
FR_021,CUST_00780,12.28,85.0,False
FR_021,CUST_01012,9.93,85.0,False
FR_021,CUST_00519,10.64,85.0,False
FR_021,CUST_00136,11.6,85.0,False
FR_021,CUST_00274,9.56,85.0,False
FR_021,CUST_01372,13.82,85.0,False
FR_021,CUST_00419,10.43,85.0,False
FR_021,CUST_00830,9.37,85.0,False
FR_021,CUST_01888,12.58,85.0,False
FR_021,CUST_01085,24.58,85.0,False
FR_022,CUST_01443,18.88,85.0,False
FR_022,CUST_00817,8.79,85.0,False
FR_022,CUST_00566,18.21,85.0,False
FR_022,CUST_01536,9.36,85.0,False
FR_022,CUST_01971,17.05,85.0,False
FR_022,CUST_01286,10.58,85.0,False
FR_022,CUST_01593,15.82,85.0,False
FR_022,CUST_01723,42.17,85.0,False
FR_022,CUST_01659,11.11,85.0,False
FR_022,CUST_01417,13.63,85.0,False
FR_022,CUST_01329,17.0,85.0,False
FR_022,CUST_00577,11.79,85.0,False
FR_022,CUST_00574,38.18,85.0,False
FR_022,CUST_01627,16.92,85.0,False
FR_022,CUST_00005,14.7,85.0,True
FR_022,CUST_01416,11.98,85.0,False
FR_022,CUST_01144,9.39,85.0,False
FR_022,CUST_01701,8.32,85.0,False
FR_022,CUST_01097,10.97,85.0,False
FR_022,CUST_00041,41.84,85.0,False
FR_022,CUST_01683,10.22,85.0,False
FR_022,CUST_01263,20.49,85.0,False
FR_022,CUST_00020,16.42,85.0,False
FR_022,CUST_01212,10.46,85.0,False
FR_022,CUST_00217,17.08,85.0,False
FR_022,CUST_00950,10.46,85.0,False
FR_022,CUST_01283,9.68,85.0,False
FR_022,CUST_01759,11.33,85.0,False
FR_022,CUST_01855,12.56,85.0,False
FR_022,CUST_00923,41.76,85.0,False
FR_022,CUST_00714,18.16,85.0,False
FR_022,CUST_00740,14.84,85.0,False
FR_022,CUST_01852,7.85,85.0,False
FR_022,CUST_00532,19.83,85.0,False
FR_022,CUST_01572,8.29,85.0,False
FR_022,CUST_01564,20.21,85.0,False
FR_022,CUST_00711,34.42,85.0,False
FR_022,CUST_01973,16.77,85.0,False
FR_022,CUST_00255,37.64,85.0,False
FR_022,CUST_00918,12.95,85.0,False
FR_022,CUST_00966,12.7,85.0,False
FR_022,CUST_00765,38.52,85.0,False
FR_022,CUST_00555,9.23,85.0,False
FR_022,CUST_01449,18.11,85.0,False
FR_022,CUST_00984,23.56,85.0,False
FR_022,CUST_00238,9.6,85.0,False
FR_022,CUST_00129,17.81,85.0,False
FR_022,CUST_01018,15.28,85.0,False
FR_022,CUST_01078,16.65,85.0,False
FR_022,CUST_00743,42.49,85.0,False
FR_022,CUST_01553,13.72,85.0,False
FR_022,CUST_00859,28.69,85.0,False
FR_022,CUST_00525,14.06,85.0,False
FR_022,CUST_00928,31.89,85.0,False
FR_022,CUST_00509,12.27,85.0,False
FR_022,CUST_01221,9.98,85.0,False
FR_022,CUST_01783,26.31,85.0,False
FR_022,CUST_00520,23.69,85.0,False
FR_022,CUST_01206,10.98,85.0,False
FR_022,CUST_00674,16.29,85.0,False
FR_022,CUST_00222,10.06,85.0,False
FR_022,CUST_00083,14.26,85.0,False
FR_022,CUST_00418,11.21,85.0,False
FR_022,CUST_00378,15.69,85.0,False
FR_022,CUST_00602,9.39,85.0,False
FR_022,CUST_00586,9.12,85.0,False
FR_022,CUST_00955,14.29,85.0,False
FR_022,CUST_00748,11.24,85.0,False
FR_022,CUST_01164,6.6,85.0,False
FR_022,CUST_00614,7.87,85.0,False
FR_022,CUST_00571,12.07,85.0,False
FR_022,CUST_00947,9.54,85.0,False
FR_022,CUST_00681,28.09,85.0,False
FR_022,CUST_01402,26.01,85.0,False
FR_022,CUST_00325,17.1,85.0,False
FR_022,CUST_01246,10.86,85.0,False
FR_022,CUST_01217,10.07,85.0,False
FR_022,CUST_01458,7.69,85.0,False
FR_022,CUST_00160,21.77,85.0,False
FR_022,CUST_01863,18.96,85.0,False
FR_022,CUST_01757,30.07,85.0,False
FR_022,CUST_01935,10.62,85.0,False
FR_022,CUST_00414,7.01,85.0,False
FR_022,CUST_01806,8.11,85.0,False
FR_022,CUST_01310,11.74,85.0,False
FR_022,CUST_00307,9.34,85.0,False
FR_022,CUST_01332,7.89,85.0,False
FR_022,CUST_00721,14.44,85.0,False
FR_022,CUST_01918,10.15,85.0,False
FR_022,CUST_00643,7.73,85.0,False
FR_022,CUST_00568,12.14,85.0,False
FR_022,CUST_01845,11.01,85.0,False
FR_022,CUST_01714,11.35,85.0,False
FR_022,CUST_00442,22.03,85.0,False
FR_022,CUST_01234,17.02,85.0,False
FR_022,CUST_01339,12.64,85.0,False
FR_022,CUST_01279,28.58,85.0,False
FR_022,CUST_00019,18.3,85.0,False
FR_022,CUST_00172,10.49,85.0,False
FR_022,CUST_00475,8.99,85.0,False
FR_022,CUST_01297,8.87,85.0,False
FR_022,CUST_00401,16.95,85.0,False
FR_022,CUST_01288,21.74,85.0,False
FR_022,CUST_01900,9.52,85.0,False
FR_022,CUST_01614,21.9,85.0,False
FR_022,CUST_01410,38.48,85.0,False
FR_022,CUST_01735,10.68,85.0,False
FR_022,CUST_01182,19.82,85.0,False
FR_022,CUST_00097,9.3,85.0,False
FR_022,CUST_01242,15.68,85.0,False
FR_022,CUST_00623,8.58,85.0,False
FR_022,CUST_01176,13.25,85.0,False
FR_022,CUST_01543,15.07,85.0,False
FR_022,CUST_00673,22.74,85.0,False
FR_022,CUST_01522,20.76,85.0,False
FR_022,CUST_01075,19.18,85.0,False
FR_022,CUST_01173,7.14,85.0,False
FR_022,CUST_01587,10.93,85.0,False
FR_022,CUST_01359,16.25,85.0,False
FR_022,CUST_00994,10.67,85.0,False
FR_022,CUST_01280,10.36,85.0,False
FR_022,CUST_01707,12.84,85.0,False
FR_022,CUST_01403,15.1,85.0,False
FR_022,CUST_00261,51.2,85.0,False
FR_022,CUST_00929,11.32,85.0,False
FR_022,CUST_00744,20.2,85.0,False
FR_022,CUST_01421,20.97,85.0,False
FR_022,CUST_01588,13.64,85.0,False
FR_022,CUST_01127,12.76,85.0,False
FR_023,CUST_00662,16.96,69.5,False
FR_023,CUST_00144,9.84,69.5,False
FR_023,CUST_01600,10.76,69.5,False
FR_023,CUST_01884,14.16,69.5,False
FR_023,CUST_01487,15.04,69.5,False
FR_023,CUST_00482,9.8,69.5,False
FR_023,CUST_00619,11.71,69.5,False
FR_023,CUST_01413,11.29,69.5,False
FR_023,CUST_01228,14.86,69.5,False
FR_023,CUST_00069,14.25,69.5,False
FR_023,CUST_00908,13.1,69.5,False
FR_023,CUST_00458,24.25,69.5,False
FR_023,CUST_01881,26.08,69.5,False
FR_023,CUST_01843,41.96,69.5,False
FR_023,CUST_01921,20.32,69.5,False
FR_023,CUST_00941,40.08,69.5,False
FR_023,CUST_00120,9.34,69.5,False
FR_023,CUST_00128,11.05,69.5,False
FR_023,CUST_01922,10.92,69.5,False
FR_023,CUST_00794,50.19,69.5,False
FR_023,CUST_01265,7.77,69.5,False
FR_023,CUST_00107,16.63,69.5,False
FR_023,CUST_00034,10.08,69.5,False
FR_023,CUST_00838,30.34,69.5,False
FR_023,CUST_00842,20.17,69.5,False
FR_023,CUST_01132,15.83,69.5,False
FR_023,CUST_00529,11.83,69.5,False
FR_023,CUST_01864,11.39,69.5,False
FR_023,CUST_01377,16.49,69.5,False
FR_023,CUST_01882,18.71,69.5,False
FR_023,CUST_01383,13.65,69.5,False
FR_023,CUST_00828,16.89,69.5,False
FR_023,CUST_01544,20.92,69.5,False
FR_023,CUST_00563,10.03,69.5,False
FR_023,CUST_00793,20.47,69.5,False
FR_023,CUST_00822,12.37,69.5,False
FR_023,CUST_01946,12.03,69.5,False
FR_023,CUST_00417,12.8,69.5,False
FR_023,CUST_01570,13.01,69.5,False
FR_023,CUST_00858,17.51,69.5,False
FR_023,CUST_01811,15.28,69.5,True
FR_023,CUST_00163,26.96,69.5,False
FR_023,CUST_00018,11.59,69.5,False
FR_024,CUST_00189,10.52,68.0,False
FR_024,CUST_01672,12.3,68.0,False
FR_024,CUST_00825,11.32,68.0,False
FR_024,CUST_00915,12.73,68.0,False
FR_024,CUST_01538,11.37,68.0,False
FR_024,CUST_01016,10.1,68.0,False
FR_024,CUST_00606,21.07,68.0,True
FR_024,CUST_01514,22.75,68.0,False
FR_024,CUST_00313,10.61,68.0,False
FR_024,CUST_00057,13.35,68.0,False
FR_024,CUST_00403,10.71,68.0,False
FR_024,CUST_01582,39.27,68.0,False
FR_024,CUST_00386,12.17,68.0,False
FR_024,CUST_00887,13.02,68.0,False
FR_024,CUST_01122,10.43,68.0,False
FR_024,CUST_00205,42.09,68.0,False
FR_024,CUST_01529,29.28,68.0,False
FR_024,CUST_00056,15.03,68.0,False
FR_024,CUST_01710,9.92,68.0,False
FR_024,CUST_01324,11.51,68.0,False
FR_024,CUST_01609,13.42,68.0,False
FR_024,CUST_00094,18.55,68.0,False
FR_024,CUST_00847,8.6,68.0,False
FR_024,CUST_00882,10.96,68.0,False
FR_024,CUST_00661,29.62,68.0,False
FR_024,CUST_01755,10.97,68.0,False
FR_024,CUST_00967,11.73,68.0,False
FR_024,CUST_01665,11.8,68.0,False
FR_024,CUST_01235,13.68,68.0,False
FR_024,CUST_00095,37.69,68.0,False
FR_024,CUST_01639,18.92,68.0,False
FR_024,CUST_01393,15.15,68.0,False
FR_024,CUST_00219,8.48,68.0,False
FR_024,CUST_01371,13.36,68.0,False
FR_024,CUST_01151,32.18,68.0,False
FR_024,CUST_01687,10.43,68.0,False
FR_024,CUST_01445,22.93,68.0,False
FR_024,CUST_01259,17.03,68.0,False
FR_025,CUST_01740,41.96,85.0,False
FR_025,CUST_00522,10.77,85.0,False
FR_025,CUST_01258,25.4,85.0,False
FR_025,CUST_00693,10.54,85.0,False
FR_025,CUST_00487,34.51,85.0,False
FR_025,CUST_00829,15.02,85.0,False
FR_025,CUST_01589,29.9,85.0,False
FR_025,CUST_00578,10.99,85.0,False
FR_025,CUST_00760,10.36,85.0,False
FR_025,CUST_01319,10.73,85.0,False
FR_025,CUST_01617,16.88,85.0,False
FR_025,CUST_01983,12.19,85.0,False
FR_025,CUST_01189,14.33,85.0,False
FR_025,CUST_00590,10.83,85.0,False
FR_025,CUST_00291,14.47,85.0,False
FR_025,CUST_01291,15.03,85.0,False
FR_025,CUST_01885,14.35,85.0,False
FR_025,CUST_00076,32.63,85.0,False
FR_025,CUST_00717,15.5,85.0,False
FR_025,CUST_00114,11.57,85.0,False
FR_025,CUST_00876,14.44,85.0,False
FR_025,CUST_00091,21.7,85.0,False
FR_025,CUST_00715,14.36,85.0,False
FR_025,CUST_00782,15.26,85.0,False
FR_025,CUST_00472,9.73,85.0,False
FR_025,CUST_01792,9.82,85.0,False
FR_025,CUST_01812,17.25,85.0,False
FR_025,CUST_01708,11.04,85.0,False
FR_025,CUST_00979,15.38,85.0,False
FR_025,CUST_01797,10.67,85.0,False
FR_025,CUST_00077,12.99,85.0,False
FR_025,CUST_00101,15.2,85.0,False
FR_025,CUST_01155,10.41,85.0,False
FR_025,CUST_01418,22.74,85.0,False
FR_025,CUST_00863,10.47,85.0,False
FR_025,CUST_01237,26.77,85.0,False
FR_025,CUST_00502,14.07,85.0,False
FR_025,CUST_01826,13.49,85.0,False
FR_025,CUST_01704,12.53,85.0,False
FR_025,CUST_01586,16.72,85.0,False
FR_025,CUST_00954,22.13,85.0,False
FR_025,CUST_00792,9.11,85.0,False
FR_025,CUST_01835,18.04,85.0,False
FR_025,CUST_01185,14.81,85.0,False
FR_025,CUST_01773,9.92,85.0,False
FR_025,CUST_01269,11.93,85.0,False
FR_025,CUST_01199,25.06,85.0,False
FR_025,CUST_00183,25.3,85.0,True
FR_025,CUST_01240,11.82,85.0,False
FR_025,CUST_01751,11.24,85.0,False
FR_025,CUST_00697,11.66,85.0,False
FR_025,CUST_00302,17.35,85.0,False
FR_025,CUST_00106,8.39,85.0,False
FR_025,CUST_01986,14.22,85.0,False
FR_025,CUST_00862,12.28,85.0,False
FR_025,CUST_00991,8.0,85.0,False
FR_025,CUST_01840,19.21,85.0,False
FR_025,CUST_00993,9.8,85.0,False
FR_025,CUST_01771,17.13,85.0,False
FR_025,CUST_01455,31.4,85.0,False
FR_025,CUST_00227,25.81,85.0,False
FR_025,CUST_01568,18.64,85.0,False
FR_025,CUST_01289,23.71,85.0,False
FR_025,CUST_00791,20.59,85.0,False
FR_025,CUST_01360,11.8,85.0,False
FR_025,CUST_00130,41.82,85.0,False
FR_025,CUST_00362,16.94,85.0,False
FR_025,CUST_00541,19.55,85.0,False
FR_025,CUST_01195,28.97,85.0,False
FR_025,CUST_01749,10.09,85.0,False
FR_025,CUST_01190,12.69,85.0,False
FR_025,CUST_01703,11.04,85.0,False
FR_025,CUST_01610,37.83,85.0,False
FR_025,CUST_01248,10.68,85.0,False
FR_025,CUST_00141,16.07,85.0,False
FR_025,CUST_01823,19.94,85.0,False
FR_025,CUST_01380,21.21,85.0,False
FR_025,CUST_01992,34.72,85.0,False
FR_025,CUST_00044,30.72,85.0,False
FR_026,CUST_00722,10.75,85.0,False
FR_026,CUST_00158,9.73,85.0,False
FR_026,CUST_01412,11.49,85.0,False
FR_026,CUST_00271,10.59,85.0,False
FR_026,CUST_01080,16.0,85.0,False
FR_026,CUST_01963,14.55,85.0,False
FR_026,CUST_00772,26.34,85.0,False
FR_026,CUST_01552,14.63,85.0,False
FR_026,CUST_00134,7.92,85.0,False
FR_026,CUST_00180,41.99,85.0,False
FR_026,CUST_00489,7.45,85.0,False
FR_026,CUST_00064,24.6,85.0,False
FR_026,CUST_00596,14.49,85.0,False
FR_026,CUST_01032,13.13,85.0,False
FR_026,CUST_00216,9.07,85.0,False
FR_026,CUST_00853,7.76,85.0,False
FR_026,CUST_00231,9.4,85.0,False
FR_026,CUST_01347,18.11,85.0,False
FR_026,CUST_00100,27.86,85.0,False
FR_026,CUST_00728,13.43,85.0,False
FR_026,CUST_01298,23.37,85.0,False
FR_026,CUST_01908,9.85,85.0,False
FR_026,CUST_00598,7.85,85.0,False
FR_026,CUST_00481,23.22,85.0,False
FR_026,CUST_01253,41.71,85.0,False
FR_026,CUST_00063,33.87,85.0,False
FR_026,CUST_01343,9.41,85.0,False
FR_026,CUST_00068,32.96,85.0,False
FR_026,CUST_00976,7.08,85.0,False
FR_026,CUST_00691,24.35,85.0,False
FR_026,CUST_01069,9.39,85.0,False
FR_026,CUST_00072,11.28,85.0,False
FR_026,CUST_01949,18.32,85.0,False
FR_026,CUST_00067,32.37,85.0,False
FR_026,CUST_00367,15.6,85.0,False
FR_026,CUST_01947,8.21,85.0,False
FR_026,CUST_01494,11.43,85.0,False
FR_026,CUST_00512,12.94,85.0,False
FR_026,CUST_01370,11.66,85.0,False
FR_026,CUST_01244,18.47,85.0,False
FR_026,CUST_00242,11.43,85.0,False
FR_026,CUST_00229,9.89,85.0,False
FR_026,CUST_01468,41.79,85.0,False
FR_026,CUST_00670,11.62,85.0,False
FR_026,CUST_01577,15.44,85.0,False
FR_026,CUST_00381,28.48,85.0,False
FR_026,CUST_00059,34.38,85.0,False
FR_026,CUST_01734,11.72,85.0,False
FR_026,CUST_01891,8.34,85.0,False
FR_026,CUST_01331,18.95,85.0,False
FR_026,CUST_01081,11.79,85.0,False
FR_026,CUST_01668,16.44,85.0,False
FR_026,CUST_00061,22.11,85.0,False
FR_026,CUST_01166,19.18,85.0,False
FR_026,CUST_01524,7.44,85.0,False
FR_026,CUST_01850,18.59,85.0,False
FR_026,CUST_00065,32.72,85.0,False
FR_026,CUST_01007,10.0,85.0,False
FR_026,CUST_00510,38.75,85.0,False
FR_026,CUST_00372,12.84,85.0,False
FR_026,CUST_00181,13.5,85.0,False
FR_026,CUST_00406,9.31,85.0,False
FR_026,CUST_01737,28.68,85.0,False
FR_026,CUST_00986,31.7,85.0,False
FR_026,CUST_00443,9.65,85.0,False
FR_026,CUST_01725,41.74,85.0,False
FR_026,CUST_01508,13.64,85.0,False
FR_026,CUST_00060,34.28,85.0,False
FR_026,CUST_00138,9.67,85.0,False
FR_026,CUST_00726,14.23,85.0,False
FR_026,CUST_01167,12.94,85.0,False
FR_026,CUST_00493,16.09,85.0,False
FR_026,CUST_01113,14.35,85.0,False
FR_026,CUST_00223,7.8,85.0,False
FR_026,CUST_00331,10.75,85.0,False
FR_026,CUST_00579,23.77,85.0,False
FR_026,CUST_00844,7.14,85.0,False
FR_026,CUST_01469,12.14,85.0,False
FR_026,CUST_00062,27.75,85.0,True
FR_026,CUST_00066,31.09,85.0,False
FR_026,CUST_01887,10.53,85.0,False
FR_026,CUST_00297,7.12,85.0,False
FR_026,CUST_01055,63.89,85.0,False
FR_026,CUST_01868,14.0,85.0,False
FR_026,CUST_01906,30.93,85.0,False
