ip_id,ip_type,country,city
IP_00001,RESIDENTIAL,IN,Pune
IP_00002,RESIDENTIAL,IN,Kolkata
IP_00003,RESIDENTIAL,IN,Surat
IP_00004,DATACENTER,US,Pune
IP_00005,VPN,IN,Chennai
IP_00006,MOBILE_CARRIER,IN,Kolkata
IP_00007,RESIDENTIAL,IN,Bengaluru
IP_00008,RESIDENTIAL,IN,Kolkata
IP_00009,MOBILE_CARRIER,IN,Pune
IP_00010,MOBILE_CARRIER,IN,Jaipur
IP_00011,RESIDENTIAL,IN,Kolkata
IP_00012,MOBILE_CARRIER,IN,Mumbai
IP_00013,RESIDENTIAL,IN,Delhi
IP_00014,PUBLIC_WIFI,IN,Pune
IP_00015,VPN,IN,Ahmedabad
IP_00016,PUBLIC_WIFI,IN,Delhi
IP_00017,RESIDENTIAL,IN,Bengaluru
IP_00018,MOBILE_CARRIER,IN,Jaipur
IP_00019,MOBILE_CARRIER,IN,Jaipur
IP_00020,RESIDENTIAL,IN,Pune
IP_00021,DATACENTER,GB,Surat
IP_00022,RESIDENTIAL,IN,Delhi
IP_00023,MOBILE_CARRIER,IN,Surat
IP_00024,MOBILE_CARRIER,IN,Delhi
IP_00025,MOBILE_CARRIER,IN,Mumbai
IP_00026,RESIDENTIAL,IN,Hyderabad
IP_00027,PUBLIC_WIFI,IN,Surat
IP_00028,RESIDENTIAL,IN,Ahmedabad
IP_00029,RESIDENTIAL,IN,Hyderabad
IP_00030,RESIDENTIAL,IN,Ahmedabad
IP_00031,VPN,IN,Hyderabad
IP_00032,VPN,IN,Ahmedabad
IP_00033,RESIDENTIAL,IN,Kolkata
IP_00034,MOBILE_CARRIER,IN,Kolkata
IP_00035,PUBLIC_WIFI,IN,Hyderabad
IP_00036,MOBILE_CARRIER,IN,Delhi
IP_00037,DATACENTER,IN,Mumbai
IP_00038,DATACENTER,IN,Jaipur
IP_00039,MOBILE_CARRIER,IN,Jaipur
IP_00040,DATACENTER,US,Chennai
IP_00041,RESIDENTIAL,IN,Jaipur
IP_00042,RESIDENTIAL,IN,Kolkata
IP_00043,RESIDENTIAL,IN,Hyderabad
IP_00044,MOBILE_CARRIER,IN,Pune
IP_00045,VPN,NL,Kolkata
IP_00046,RESIDENTIAL,IN,Kolkata
IP_00047,PUBLIC_WIFI,IN,Pune
IP_00048,RESIDENTIAL,IN,Pune
IP_00049,VPN,IN,Pune
IP_00050,RESIDENTIAL,IN,Chennai
IP_00051,VPN,IN,Ahmedabad
IP_00052,RESIDENTIAL,IN,Ahmedabad
IP_00053,RESIDENTIAL,IN,Mumbai
IP_00054,VPN,IN,Mumbai
IP_00055,MOBILE_CARRIER,IN,Jaipur
IP_00056,VPN,IN,Surat
IP_00057,RESIDENTIAL,IN,Chennai
IP_00058,RESIDENTIAL,IN,Bengaluru
IP_00059,RESIDENTIAL,IN,Kolkata
IP_00060,MOBILE_CARRIER,IN,Surat
IP_00061,MOBILE_CARRIER,IN,Bengaluru
IP_00062,MOBILE_CARRIER,IN,Ahmedabad
IP_00063,MOBILE_CARRIER,IN,Mumbai
IP_00064,MOBILE_CARRIER,IN,Surat
IP_00065,RESIDENTIAL,IN,Delhi
IP_00066,RESIDENTIAL,IN,Mumbai
IP_00067,MOBILE_CARRIER,IN,Hyderabad
IP_00068,MOBILE_CARRIER,IN,Delhi
IP_00069,MOBILE_CARRIER,IN,Bengaluru
IP_00070,MOBILE_CARRIER,IN,Pune
IP_00071,RESIDENTIAL,IN,Jaipur
IP_00072,MOBILE_CARRIER,IN,Jaipur
IP_00073,MOBILE_CARRIER,IN,Kolkata
IP_00074,DATACENTER,IN,Mumbai
IP_00075,PUBLIC_WIFI,IN,Chennai
IP_00076,MOBILE_CARRIER,IN,Pune
IP_00077,MOBILE_CARRIER,IN,Pune
IP_00078,RESIDENTIAL,IN,Bengaluru
IP_00079,MOBILE_CARRIER,IN,Pune
IP_00080,RESIDENTIAL,IN,Pune
IP_00081,MOBILE_CARRIER,IN,Delhi
IP_00082,MOBILE_CARRIER,IN,Ahmedabad
IP_00083,PUBLIC_WIFI,IN,Ahmedabad
IP_00084,MOBILE_CARRIER,IN,Delhi
IP_00085,RESIDENTIAL,IN,Ahmedabad
IP_00086,RESIDENTIAL,IN,Hyderabad
IP_00087,RESIDENTIAL,IN,Hyderabad
IP_00088,DATACENTER,IN,Pune
IP_00089,MOBILE_CARRIER,IN,Jaipur
IP_00090,MOBILE_CARRIER,IN,Mumbai
IP_00091,MOBILE_CARRIER,IN,Hyderabad
IP_00092,RESIDENTIAL,IN,Mumbai
IP_00093,DATACENTER,IN,Pune
IP_00094,MOBILE_CARRIER,IN,Kolkata
IP_00095,DATACENTER,IN,Ahmedabad
IP_00096,RESIDENTIAL,IN,Delhi
IP_00097,MOBILE_CARRIER,IN,Ahmedabad
IP_00098,RESIDENTIAL,IN,Jaipur
IP_00099,RESIDENTIAL,IN,Bengaluru
IP_00100,MOBILE_CARRIER,IN,Bengaluru
IP_00101,RESIDENTIAL,IN,Delhi
IP_00102,MOBILE_CARRIER,IN,Pune
IP_00103,RESIDENTIAL,IN,Pune
IP_00104,MOBILE_CARRIER,IN,Chennai
IP_00105,RESIDENTIAL,IN,Kolkata
IP_00106,RESIDENTIAL,IN,Ahmedabad
IP_00107,RESIDENTIAL,IN,Mumbai
IP_00108,MOBILE_CARRIER,IN,Pune
IP_00109,MOBILE_CARRIER,IN,Kolkata
IP_00110,RESIDENTIAL,IN,Mumbai
IP_00111,RESIDENTIAL,IN,Kolkata
IP_00112,RESIDENTIAL,IN,Delhi
IP_00113,PUBLIC_WIFI,IN,Delhi
IP_00114,MOBILE_CARRIER,IN,Ahmedabad
IP_00115,RESIDENTIAL,IN,Bengaluru
IP_00116,RESIDENTIAL,IN,Pune
IP_00117,RESIDENTIAL,IN,Surat
IP_00118,RESIDENTIAL,IN,Delhi
IP_00119,MOBILE_CARRIER,IN,Pune
IP_00120,RESIDENTIAL,IN,Bengaluru
IP_00121,MOBILE_CARRIER,IN,Jaipur
IP_00122,RESIDENTIAL,IN,Pune
IP_00123,MOBILE_CARRIER,IN,Hyderabad
IP_00124,PUBLIC_WIFI,IN,Mumbai
IP_00125,MOBILE_CARRIER,IN,Ahmedabad
IP_00126,MOBILE_CARRIER,IN,Jaipur
IP_00127,RESIDENTIAL,IN,Chennai
IP_00128,MOBILE_CARRIER,IN,Hyderabad
IP_00129,PUBLIC_WIFI,IN,Chennai
IP_00130,MOBILE_CARRIER,IN,Ahmedabad
IP_00131,RESIDENTIAL,IN,Delhi
IP_00132,DATACENTER,IN,Ahmedabad
IP_00133,MOBILE_CARRIER,IN,Bengaluru
IP_00134,MOBILE_CARRIER,IN,Pune
IP_00135,MOBILE_CARRIER,IN,Bengaluru
IP_00136,MOBILE_CARRIER,IN,Chennai
IP_00137,DATACENTER,IN,Delhi
IP_00138,VPN,IN,Delhi
IP_00139,MOBILE_CARRIER,IN,Bengaluru
IP_00140,PUBLIC_WIFI,IN,Delhi
IP_00141,RESIDENTIAL,IN,Ahmedabad
IP_00142,RESIDENTIAL,IN,Jaipur
IP_00143,MOBILE_CARRIER,IN,Ahmedabad
IP_00144,MOBILE_CARRIER,IN,Jaipur
IP_00145,RESIDENTIAL,IN,Bengaluru
IP_00146,RESIDENTIAL,IN,Kolkata
IP_00147,PUBLIC_WIFI,IN,Ahmedabad
IP_00148,MOBILE_CARRIER,IN,Kolkata
IP_00149,MOBILE_CARRIER,IN,Bengaluru
IP_00150,RESIDENTIAL,IN,Pune
IP_00151,MOBILE_CARRIER,IN,Ahmedabad
IP_00152,MOBILE_CARRIER,IN,Jaipur
IP_00153,RESIDENTIAL,IN,Jaipur
IP_00154,MOBILE_CARRIER,IN,Delhi
IP_00155,MOBILE_CARRIER,IN,Delhi
IP_00156,RESIDENTIAL,IN,Mumbai
IP_00157,MOBILE_CARRIER,IN,Jaipur
IP_00158,RESIDENTIAL,IN,Delhi
IP_00159,RESIDENTIAL,IN,Hyderabad
IP_00160,RESIDENTIAL,IN,Jaipur
IP_00161,DATACENTER,IN,Bengaluru
IP_00162,MOBILE_CARRIER,IN,Jaipur
IP_00163,RESIDENTIAL,IN,Chennai
IP_00164,MOBILE_CARRIER,IN,Bengaluru
IP_00165,MOBILE_CARRIER,IN,Delhi
IP_00166,MOBILE_CARRIER,IN,Surat
IP_00167,RESIDENTIAL,IN,Surat
IP_00168,MOBILE_CARRIER,IN,Surat
IP_00169,RESIDENTIAL,IN,Surat
IP_00170,RESIDENTIAL,IN,Mumbai
IP_00171,RESIDENTIAL,IN,Surat
IP_00172,RESIDENTIAL,IN,Hyderabad
IP_00173,MOBILE_CARRIER,IN,Kolkata
IP_00174,MOBILE_CARRIER,IN,Mumbai
IP_00175,MOBILE_CARRIER,IN,Jaipur
IP_00176,RESIDENTIAL,IN,Chennai
IP_00177,MOBILE_CARRIER,IN,Kolkata
IP_00178,RESIDENTIAL,IN,Bengaluru
IP_00179,MOBILE_CARRIER,IN,Delhi
IP_00180,RESIDENTIAL,IN,Ahmedabad
IP_00181,MOBILE_CARRIER,IN,Pune
IP_00182,MOBILE_CARRIER,IN,Pune
IP_00183,DATACENTER,IN,Pune
IP_00184,DATACENTER,AE,Kolkata
IP_00185,MOBILE_CARRIER,IN,Bengaluru
IP_00186,RESIDENTIAL,IN,Ahmedabad
IP_00187,RESIDENTIAL,IN,Ahmedabad
IP_00188,RESIDENTIAL,IN,Bengaluru
IP_00189,RESIDENTIAL,IN,Kolkata
IP_00190,DATACENTER,IN,Kolkata
IP_00191,DATACENTER,IN,Delhi
IP_00192,VPN,IN,Pune
IP_00193,RESIDENTIAL,IN,Jaipur
IP_00194,MOBILE_CARRIER,IN,Chennai
IP_00195,MOBILE_CARRIER,IN,Bengaluru
IP_00196,VPN,IN,Jaipur
IP_00197,RESIDENTIAL,IN,Surat
IP_00198,RESIDENTIAL,IN,Mumbai
IP_00199,RESIDENTIAL,IN,Surat
IP_00200,DATACENTER,IN,Ahmedabad
IP_00201,RESIDENTIAL,IN,Bengaluru
IP_00202,RESIDENTIAL,IN,Chennai
IP_00203,MOBILE_CARRIER,IN,Kolkata
IP_00204,RESIDENTIAL,IN,Kolkata
IP_00205,RESIDENTIAL,IN,Jaipur
IP_00206,RESIDENTIAL,IN,Jaipur
IP_00207,RESIDENTIAL,IN,Kolkata
IP_00208,MOBILE_CARRIER,IN,Jaipur
IP_00209,RESIDENTIAL,IN,Surat
IP_00210,MOBILE_CARRIER,IN,Bengaluru
IP_00211,RESIDENTIAL,IN,Bengaluru
IP_00212,RESIDENTIAL,IN,Pune
IP_00213,MOBILE_CARRIER,IN,Pune
IP_00214,MOBILE_CARRIER,IN,Hyderabad
IP_00215,MOBILE_CARRIER,IN,Kolkata
IP_00216,MOBILE_CARRIER,IN,Mumbai
IP_00217,RESIDENTIAL,IN,Pune
IP_00218,MOBILE_CARRIER,IN,Jaipur
IP_00219,MOBILE_CARRIER,IN,Surat
IP_00220,DATACENTER,IN,Delhi
IP_00221,MOBILE_CARRIER,IN,Delhi
IP_00222,RESIDENTIAL,IN,Surat
IP_00223,MOBILE_CARRIER,IN,Chennai
IP_00224,MOBILE_CARRIER,IN,Jaipur
IP_00225,MOBILE_CARRIER,IN,Jaipur
IP_00226,MOBILE_CARRIER,IN,Surat
IP_00227,RESIDENTIAL,IN,Mumbai
IP_00228,RESIDENTIAL,IN,Bengaluru
IP_00229,PUBLIC_WIFI,IN,Surat
IP_00230,RESIDENTIAL,IN,Mumbai
IP_00231,MOBILE_CARRIER,IN,Chennai
IP_00232,PUBLIC_WIFI,IN,Surat
IP_00233,MOBILE_CARRIER,IN,Mumbai
IP_00234,MOBILE_CARRIER,IN,Delhi
IP_00235,MOBILE_CARRIER,IN,Surat
IP_00236,MOBILE_CARRIER,IN,Kolkata
IP_00237,RESIDENTIAL,IN,Hyderabad
IP_00238,RESIDENTIAL,IN,Bengaluru
IP_00239,RESIDENTIAL,IN,Ahmedabad
IP_00240,RESIDENTIAL,IN,Delhi
IP_00241,RESIDENTIAL,IN,Hyderabad
IP_00242,RESIDENTIAL,IN,Surat
IP_00243,VPN,IN,Mumbai
IP_00244,MOBILE_CARRIER,IN,Jaipur
IP_00245,RESIDENTIAL,IN,Ahmedabad
IP_00246,MOBILE_CARRIER,IN,Pune
IP_00247,PUBLIC_WIFI,IN,Ahmedabad
IP_00248,VPN,IN,Pune
IP_00249,MOBILE_CARRIER,IN,Chennai
IP_00250,MOBILE_CARRIER,IN,Hyderabad
IP_00251,PUBLIC_WIFI,IN,Chennai
IP_00252,MOBILE_CARRIER,IN,Hyderabad
IP_00253,VPN,IN,Chennai
IP_00254,MOBILE_CARRIER,IN,Ahmedabad
IP_00255,RESIDENTIAL,IN,Pune
IP_00256,MOBILE_CARRIER,IN,Chennai
IP_00257,RESIDENTIAL,IN,Surat
IP_00258,MOBILE_CARRIER,IN,Kolkata
IP_00259,DATACENTER,IN,Kolkata
IP_00260,PUBLIC_WIFI,IN,Delhi
IP_00261,RESIDENTIAL,IN,Chennai
IP_00262,PUBLIC_WIFI,IN,Bengaluru
IP_00263,RESIDENTIAL,IN,Ahmedabad
IP_00264,MOBILE_CARRIER,IN,Ahmedabad
IP_00265,RESIDENTIAL,IN,Jaipur
IP_00266,RESIDENTIAL,IN,Jaipur
IP_00267,MOBILE_CARRIER,IN,Delhi
IP_00268,RESIDENTIAL,IN,Surat
IP_00269,RESIDENTIAL,IN,Mumbai
IP_00270,MOBILE_CARRIER,IN,Jaipur
IP_00271,RESIDENTIAL,IN,Hyderabad
IP_00272,RESIDENTIAL,IN,Kolkata
IP_00273,RESIDENTIAL,IN,Ahmedabad
IP_00274,RESIDENTIAL,IN,Delhi
IP_00275,RESIDENTIAL,IN,Jaipur
IP_00276,PUBLIC_WIFI,IN,Delhi
IP_00277,RESIDENTIAL,IN,Ahmedabad
IP_00278,MOBILE_CARRIER,IN,Hyderabad
IP_00279,MOBILE_CARRIER,IN,Chennai
IP_00280,RESIDENTIAL,IN,Mumbai
IP_00281,VPN,IN,Bengaluru
IP_00282,RESIDENTIAL,IN,Mumbai
IP_00283,VPN,IN,Delhi
IP_00284,MOBILE_CARRIER,IN,Mumbai
IP_00285,PUBLIC_WIFI,IN,Kolkata
IP_00286,MOBILE_CARRIER,IN,Delhi
IP_00287,VPN,IN,Chennai
IP_00288,RESIDENTIAL,IN,Surat
IP_00289,MOBILE_CARRIER,IN,Pune
IP_00290,RESIDENTIAL,IN,Jaipur
IP_00291,MOBILE_CARRIER,IN,Delhi
IP_00292,DATACENTER,IN,Ahmedabad
IP_00293,MOBILE_CARRIER,IN,Pune
IP_00294,RESIDENTIAL,IN,Ahmedabad
IP_00295,MOBILE_CARRIER,IN,Delhi
IP_00296,RESIDENTIAL,IN,Pune
IP_00297,MOBILE_CARRIER,IN,Surat
IP_00298,MOBILE_CARRIER,IN,Hyderabad
IP_00299,RESIDENTIAL,IN,Kolkata
IP_00300,MOBILE_CARRIER,IN,Jaipur
IP_00301,RESIDENTIAL,IN,Kolkata
IP_00302,MOBILE_CARRIER,IN,Delhi
IP_00303,PUBLIC_WIFI,IN,Ahmedabad
IP_00304,RESIDENTIAL,IN,Hyderabad
IP_00305,RESIDENTIAL,IN,Kolkata
IP_00306,RESIDENTIAL,IN,Chennai
IP_00307,PUBLIC_WIFI,IN,Chennai
IP_00308,MOBILE_CARRIER,IN,Surat
IP_00309,RESIDENTIAL,IN,Pune
IP_00310,MOBILE_CARRIER,IN,Mumbai
IP_00311,MOBILE_CARRIER,IN,Ahmedabad
IP_00312,RESIDENTIAL,IN,Kolkata
IP_00313,MOBILE_CARRIER,IN,Chennai
IP_00314,MOBILE_CARRIER,IN,Chennai
IP_00315,RESIDENTIAL,IN,Hyderabad
IP_00316,RESIDENTIAL,IN,Delhi
IP_00317,MOBILE_CARRIER,IN,Ahmedabad
IP_00318,MOBILE_CARRIER,IN,Surat
IP_00319,RESIDENTIAL,IN,Jaipur
IP_00320,VPN,IN,Jaipur
IP_00321,MOBILE_CARRIER,IN,Hyderabad
IP_00322,MOBILE_CARRIER,IN,Surat
IP_00323,DATACENTER,IN,Bengaluru
IP_00324,MOBILE_CARRIER,IN,Pune
IP_00325,RESIDENTIAL,IN,Surat
IP_00326,RESIDENTIAL,IN,Jaipur
IP_00327,VPN,IN,Hyderabad
IP_00328,RESIDENTIAL,IN,Pune
IP_00329,DATACENTER,US,Ahmedabad
IP_00330,MOBILE_CARRIER,IN,Ahmedabad
IP_00331,RESIDENTIAL,IN,Jaipur
IP_00332,RESIDENTIAL,IN,Mumbai
IP_00333,MOBILE_CARRIER,IN,Jaipur
IP_00334,RESIDENTIAL,IN,Surat
IP_00335,RESIDENTIAL,IN,Ahmedabad
IP_00336,MOBILE_CARRIER,IN,Chennai
IP_00337,MOBILE_CARRIER,IN,Kolkata
IP_00338,RESIDENTIAL,IN,Mumbai
IP_00339,MOBILE_CARRIER,IN,Surat
IP_00340,RESIDENTIAL,IN,Kolkata
IP_00341,RESIDENTIAL,IN,Bengaluru
IP_00342,MOBILE_CARRIER,IN,Mumbai
IP_00343,VPN,IN,Bengaluru
IP_00344,MOBILE_CARRIER,IN,Chennai
IP_00345,RESIDENTIAL,IN,Delhi
IP_00346,MOBILE_CARRIER,IN,Kolkata
IP_00347,RESIDENTIAL,IN,Kolkata
IP_00348,RESIDENTIAL,IN,Kolkata
IP_00349,RESIDENTIAL,IN,Jaipur
IP_00350,RESIDENTIAL,IN,Pune
IP_00351,RESIDENTIAL,IN,Jaipur
IP_00352,RESIDENTIAL,IN,Delhi
IP_00353,MOBILE_CARRIER,IN,Hyderabad
IP_00354,MOBILE_CARRIER,IN,Mumbai
IP_00355,PUBLIC_WIFI,IN,Ahmedabad
IP_00356,MOBILE_CARRIER,IN,Jaipur
IP_00357,RESIDENTIAL,IN,Kolkata
IP_00358,MOBILE_CARRIER,IN,Hyderabad
IP_00359,MOBILE_CARRIER,IN,Delhi
IP_00360,RESIDENTIAL,IN,Bengaluru
IP_00361,RESIDENTIAL,IN,Kolkata
IP_00362,MOBILE_CARRIER,IN,Mumbai
IP_00363,RESIDENTIAL,IN,Bengaluru
IP_00364,RESIDENTIAL,IN,Mumbai
IP_00365,RESIDENTIAL,IN,Mumbai
IP_00366,RESIDENTIAL,IN,Mumbai
IP_00367,RESIDENTIAL,IN,Hyderabad
IP_00368,MOBILE_CARRIER,IN,Mumbai
IP_00369,RESIDENTIAL,IN,Chennai
IP_00370,RESIDENTIAL,IN,Surat
IP_00371,RESIDENTIAL,IN,Surat
IP_00372,MOBILE_CARRIER,IN,Pune
IP_00373,RESIDENTIAL,IN,Delhi
IP_00374,PUBLIC_WIFI,IN,Jaipur
IP_00375,RESIDENTIAL,IN,Chennai
IP_00376,RESIDENTIAL,IN,Jaipur
IP_00377,VPN,IN,Delhi
IP_00378,RESIDENTIAL,IN,Ahmedabad
IP_00379,RESIDENTIAL,IN,Pune
IP_00380,VPN,IN,Kolkata
IP_00381,RESIDENTIAL,IN,Kolkata
IP_00382,RESIDENTIAL,IN,Chennai
IP_00383,RESIDENTIAL,IN,Jaipur
IP_00384,MOBILE_CARRIER,IN,Hyderabad
IP_00385,RESIDENTIAL,IN,Delhi
IP_00386,MOBILE_CARRIER,IN,Mumbai
IP_00387,MOBILE_CARRIER,IN,Kolkata
IP_00388,MOBILE_CARRIER,IN,Delhi
IP_00389,RESIDENTIAL,IN,Chennai
IP_00390,RESIDENTIAL,IN,Bengaluru
IP_00391,VPN,US,Pune
IP_00392,RESIDENTIAL,IN,Kolkata
IP_00393,MOBILE_CARRIER,IN,Surat
IP_00394,RESIDENTIAL,IN,Bengaluru
IP_00395,RESIDENTIAL,IN,Surat
IP_00396,MOBILE_CARRIER,IN,Jaipur
IP_00397,RESIDENTIAL,IN,Hyderabad
IP_00398,DATACENTER,IN,Pune
IP_00399,VPN,IN,Hyderabad
IP_00400,PUBLIC_WIFI,IN,Bengaluru
IP_00401,MOBILE_CARRIER,IN,Ahmedabad
IP_00402,VPN,IN,Surat
IP_00403,RESIDENTIAL,IN,Hyderabad
IP_00404,MOBILE_CARRIER,IN,Chennai
IP_00405,RESIDENTIAL,IN,Jaipur
IP_00406,MOBILE_CARRIER,IN,Chennai
IP_00407,RESIDENTIAL,IN,Jaipur
IP_00408,DATACENTER,GB,Ahmedabad
IP_00409,MOBILE_CARRIER,IN,Pune
IP_00410,VPN,IN,Pune
IP_00411,RESIDENTIAL,IN,Hyderabad
IP_00412,MOBILE_CARRIER,IN,Mumbai
IP_00413,RESIDENTIAL,IN,Surat
IP_00414,MOBILE_CARRIER,IN,Kolkata
IP_00415,RESIDENTIAL,IN,Hyderabad
IP_00416,RESIDENTIAL,IN,Kolkata
IP_00417,MOBILE_CARRIER,IN,Hyderabad
IP_00418,MOBILE_CARRIER,IN,Pune
IP_00419,RESIDENTIAL,IN,Ahmedabad
IP_00420,PUBLIC_WIFI,IN,Ahmedabad
IP_00421,MOBILE_CARRIER,IN,Pune
IP_00422,RESIDENTIAL,IN,Jaipur
IP_00423,MOBILE_CARRIER,IN,Jaipur
IP_00424,PUBLIC_WIFI,IN,Mumbai
IP_00425,MOBILE_CARRIER,IN,Bengaluru
IP_00426,VPN,IN,Mumbai
IP_00427,RESIDENTIAL,IN,Hyderabad
IP_00428,RESIDENTIAL,IN,Delhi
IP_00429,RESIDENTIAL,IN,Jaipur
IP_00430,MOBILE_CARRIER,IN,Mumbai
IP_00431,MOBILE_CARRIER,IN,Surat
IP_00432,VPN,NL,Ahmedabad
IP_00433,MOBILE_CARRIER,IN,Mumbai
IP_00434,RESIDENTIAL,IN,Chennai
IP_00435,MOBILE_CARRIER,IN,Chennai
IP_00436,RESIDENTIAL,IN,Kolkata
IP_00437,MOBILE_CARRIER,IN,Delhi
IP_00438,RESIDENTIAL,IN,Bengaluru
IP_00439,MOBILE_CARRIER,IN,Hyderabad
IP_00440,RESIDENTIAL,IN,Jaipur
IP_00441,RESIDENTIAL,IN,Pune
IP_00442,RESIDENTIAL,IN,Kolkata
IP_00443,RESIDENTIAL,IN,Kolkata
IP_00444,MOBILE_CARRIER,IN,Hyderabad
IP_00445,PUBLIC_WIFI,IN,Hyderabad
IP_00446,RESIDENTIAL,IN,Bengaluru
IP_00447,MOBILE_CARRIER,IN,Mumbai
IP_00448,RESIDENTIAL,IN,Kolkata
IP_00449,RESIDENTIAL,IN,Ahmedabad
IP_00450,RESIDENTIAL,IN,Mumbai
IP_00451,MOBILE_CARRIER,IN,Bengaluru
IP_00452,MOBILE_CARRIER,IN,Kolkata
IP_00453,MOBILE_CARRIER,IN,Pune
IP_00454,MOBILE_CARRIER,IN,Bengaluru
IP_00455,DATACENTER,IN,Mumbai
IP_00456,VPN,IN,Surat
IP_00457,RESIDENTIAL,IN,Bengaluru
IP_00458,MOBILE_CARRIER,IN,Chennai
IP_00459,DATACENTER,IN,Surat
IP_00460,RESIDENTIAL,IN,Pune
IP_00461,RESIDENTIAL,IN,Hyderabad
IP_00462,MOBILE_CARRIER,IN,Kolkata
IP_00463,VPN,IN,Chennai
IP_00464,RESIDENTIAL,IN,Kolkata
IP_00465,MOBILE_CARRIER,IN,Jaipur
IP_00466,RESIDENTIAL,IN,Delhi
IP_00467,MOBILE_CARRIER,IN,Bengaluru
IP_00468,MOBILE_CARRIER,IN,Pune
IP_00469,RESIDENTIAL,IN,Kolkata
IP_00470,RESIDENTIAL,IN,Bengaluru
IP_00471,RESIDENTIAL,IN,Surat
IP_00472,PUBLIC_WIFI,IN,Kolkata
IP_00473,PUBLIC_WIFI,IN,Pune
IP_00474,RESIDENTIAL,IN,Chennai
IP_00475,MOBILE_CARRIER,IN,Ahmedabad
IP_00476,MOBILE_CARRIER,IN,Pune
IP_00477,MOBILE_CARRIER,IN,Kolkata
IP_00478,RESIDENTIAL,IN,Surat
IP_00479,MOBILE_CARRIER,IN,Bengaluru
IP_00480,MOBILE_CARRIER,IN,Chennai
IP_00481,MOBILE_CARRIER,IN,Bengaluru
IP_00482,RESIDENTIAL,IN,Delhi
IP_00483,RESIDENTIAL,IN,Delhi
IP_00484,MOBILE_CARRIER,IN,Pune
IP_00485,RESIDENTIAL,IN,Bengaluru
IP_00486,RESIDENTIAL,IN,Chennai
IP_00487,RESIDENTIAL,IN,Chennai
IP_00488,RESIDENTIAL,IN,Bengaluru
IP_00489,RESIDENTIAL,IN,Ahmedabad
IP_00490,MOBILE_CARRIER,IN,Jaipur
IP_00491,RESIDENTIAL,IN,Mumbai
IP_00492,RESIDENTIAL,IN,Jaipur
IP_00493,RESIDENTIAL,IN,Surat
IP_00494,MOBILE_CARRIER,IN,Kolkata
IP_00495,RESIDENTIAL,IN,Kolkata
IP_00496,RESIDENTIAL,IN,Bengaluru
IP_00497,MOBILE_CARRIER,IN,Jaipur
IP_00498,VPN,IN,Hyderabad
IP_00499,RESIDENTIAL,IN,Kolkata
IP_00500,RESIDENTIAL,IN,Chennai
IP_00501,RESIDENTIAL,IN,Ahmedabad
IP_00502,RESIDENTIAL,IN,Delhi
IP_00503,RESIDENTIAL,IN,Kolkata
IP_00504,RESIDENTIAL,IN,Bengaluru
IP_00505,RESIDENTIAL,IN,Hyderabad
IP_00506,MOBILE_CARRIER,IN,Ahmedabad
IP_00507,MOBILE_CARRIER,IN,Hyderabad
IP_00508,MOBILE_CARRIER,IN,Delhi
IP_00509,RESIDENTIAL,IN,Kolkata
IP_00510,RESIDENTIAL,IN,Surat
IP_00511,RESIDENTIAL,IN,Pune
IP_00512,RESIDENTIAL,IN,Kolkata
IP_00513,MOBILE_CARRIER,IN,Surat
IP_00514,RESIDENTIAL,IN,Pune
IP_00515,MOBILE_CARRIER,IN,Hyderabad
IP_00516,MOBILE_CARRIER,IN,Delhi
IP_00517,PUBLIC_WIFI,IN,Pune
IP_00518,RESIDENTIAL,IN,Ahmedabad
IP_00519,PUBLIC_WIFI,IN,Hyderabad
IP_00520,RESIDENTIAL,IN,Chennai
IP_00521,MOBILE_CARRIER,IN,Kolkata
IP_00522,RESIDENTIAL,IN,Surat
IP_00523,RESIDENTIAL,IN,Jaipur
IP_00524,RESIDENTIAL,IN,Jaipur
IP_00525,RESIDENTIAL,IN,Ahmedabad
IP_00526,VPN,IN,Hyderabad
IP_00527,RESIDENTIAL,IN,Bengaluru
IP_00528,MOBILE_CARRIER,IN,Kolkata
IP_00529,MOBILE_CARRIER,IN,Delhi
IP_00530,MOBILE_CARRIER,IN,Hyderabad
IP_00531,RESIDENTIAL,IN,Delhi
IP_00532,MOBILE_CARRIER,IN,Kolkata
IP_00533,RESIDENTIAL,IN,Surat
IP_00534,MOBILE_CARRIER,IN,Kolkata
IP_00535,MOBILE_CARRIER,IN,Kolkata
IP_00536,MOBILE_CARRIER,IN,Pune
IP_00537,MOBILE_CARRIER,IN,Jaipur
IP_00538,MOBILE_CARRIER,IN,Bengaluru
IP_00539,RESIDENTIAL,IN,Hyderabad
IP_00540,MOBILE_CARRIER,IN,Pune
IP_00541,RESIDENTIAL,IN,Surat
IP_00542,RESIDENTIAL,IN,Kolkata
IP_00543,PUBLIC_WIFI,IN,Pune
IP_00544,PUBLIC_WIFI,IN,Kolkata
IP_00545,RESIDENTIAL,IN,Bengaluru
IP_00546,RESIDENTIAL,IN,Jaipur
IP_00547,MOBILE_CARRIER,IN,Jaipur
IP_00548,MOBILE_CARRIER,IN,Surat
IP_00549,RESIDENTIAL,IN,Pune
IP_00550,RESIDENTIAL,IN,Surat
IP_00551,MOBILE_CARRIER,IN,Delhi
IP_00552,RESIDENTIAL,IN,Mumbai
IP_00553,MOBILE_CARRIER,IN,Chennai
IP_00554,RESIDENTIAL,IN,Bengaluru
IP_00555,RESIDENTIAL,IN,Delhi
IP_00556,RESIDENTIAL,IN,Pune
IP_00557,MOBILE_CARRIER,IN,Hyderabad
IP_00558,MOBILE_CARRIER,IN,Pune
IP_00559,MOBILE_CARRIER,IN,Ahmedabad
IP_00560,MOBILE_CARRIER,IN,Ahmedabad
IP_00561,RESIDENTIAL,IN,Chennai
IP_00562,RESIDENTIAL,IN,Bengaluru
IP_00563,RESIDENTIAL,IN,Pune
IP_00564,MOBILE_CARRIER,IN,Delhi
IP_00565,VPN,IN,Hyderabad
IP_00566,MOBILE_CARRIER,IN,Pune
IP_00567,MOBILE_CARRIER,IN,Ahmedabad
IP_00568,RESIDENTIAL,IN,Kolkata
IP_00569,MOBILE_CARRIER,IN,Delhi
IP_00570,MOBILE_CARRIER,IN,Kolkata
IP_00571,RESIDENTIAL,IN,Surat
IP_00572,DATACENTER,IN,Ahmedabad
IP_00573,RESIDENTIAL,IN,Hyderabad
IP_00574,RESIDENTIAL,IN,Bengaluru
IP_00575,MOBILE_CARRIER,IN,Jaipur
IP_00576,RESIDENTIAL,IN,Pune
IP_00577,RESIDENTIAL,IN,Bengaluru
IP_00578,RESIDENTIAL,IN,Ahmedabad
IP_00579,MOBILE_CARRIER,IN,Pune
IP_00580,MOBILE_CARRIER,IN,Surat
IP_00581,RESIDENTIAL,IN,Bengaluru
IP_00582,RESIDENTIAL,IN,Ahmedabad
IP_00583,MOBILE_CARRIER,IN,Chennai
IP_00584,VPN,US,Surat
IP_00585,RESIDENTIAL,IN,Hyderabad
IP_00586,RESIDENTIAL,IN,Delhi
IP_00587,RESIDENTIAL,IN,Delhi
IP_00588,MOBILE_CARRIER,IN,Kolkata
IP_00589,MOBILE_CARRIER,IN,Surat
IP_00590,RESIDENTIAL,IN,Delhi
IP_00591,MOBILE_CARRIER,IN,Jaipur
IP_00592,MOBILE_CARRIER,IN,Delhi
IP_00593,MOBILE_CARRIER,IN,Ahmedabad
IP_00594,RESIDENTIAL,IN,Delhi
IP_00595,RESIDENTIAL,IN,Ahmedabad
IP_00596,MOBILE_CARRIER,IN,Pune
IP_00597,PUBLIC_WIFI,IN,Ahmedabad
IP_00598,RESIDENTIAL,IN,Kolkata
IP_00599,PUBLIC_WIFI,IN,Jaipur
IP_00600,MOBILE_CARRIER,IN,Kolkata
IP_00601,MOBILE_CARRIER,IN,Kolkata
IP_00602,MOBILE_CARRIER,IN,Ahmedabad
IP_00603,MOBILE_CARRIER,IN,Bengaluru
IP_00604,MOBILE_CARRIER,IN,Hyderabad
IP_00605,RESIDENTIAL,IN,Chennai
IP_00606,RESIDENTIAL,IN,Chennai
IP_00607,RESIDENTIAL,IN,Ahmedabad
IP_00608,MOBILE_CARRIER,IN,Ahmedabad
IP_00609,MOBILE_CARRIER,IN,Bengaluru
IP_00610,MOBILE_CARRIER,IN,Chennai
IP_00611,MOBILE_CARRIER,IN,Pune
IP_00612,MOBILE_CARRIER,IN,Mumbai
IP_00613,MOBILE_CARRIER,IN,Ahmedabad
IP_00614,MOBILE_CARRIER,IN,Kolkata
IP_00615,RESIDENTIAL,IN,Hyderabad
IP_00616,RESIDENTIAL,IN,Mumbai
IP_00617,RESIDENTIAL,IN,Pune
IP_00618,DATACENTER,IN,Bengaluru
IP_00619,PUBLIC_WIFI,IN,Hyderabad
IP_00620,RESIDENTIAL,IN,Surat
IP_00621,MOBILE_CARRIER,IN,Surat
IP_00622,MOBILE_CARRIER,IN,Delhi
IP_00623,MOBILE_CARRIER,IN,Hyderabad
IP_00624,MOBILE_CARRIER,IN,Mumbai
IP_00625,MOBILE_CARRIER,IN,Jaipur
IP_00626,RESIDENTIAL,IN,Jaipur
IP_00627,RESIDENTIAL,IN,Chennai
IP_00628,RESIDENTIAL,IN,Chennai
IP_00629,PUBLIC_WIFI,IN,Jaipur
IP_00630,PUBLIC_WIFI,IN,Bengaluru
IP_00631,RESIDENTIAL,IN,Kolkata
IP_00632,VPN,IN,Chennai
IP_00633,RESIDENTIAL,IN,Delhi
IP_00634,RESIDENTIAL,IN,Pune
IP_00635,MOBILE_CARRIER,IN,Kolkata
IP_00636,MOBILE_CARRIER,IN,Surat
IP_00637,MOBILE_CARRIER,IN,Kolkata
IP_00638,RESIDENTIAL,IN,Bengaluru
IP_00639,MOBILE_CARRIER,IN,Bengaluru
IP_00640,RESIDENTIAL,IN,Chennai
IP_00641,MOBILE_CARRIER,IN,Pune
IP_00642,MOBILE_CARRIER,IN,Ahmedabad
IP_00643,RESIDENTIAL,IN,Mumbai
IP_00644,DATACENTER,IN,Bengaluru
IP_00645,MOBILE_CARRIER,IN,Pune
IP_00646,DATACENTER,IN,Jaipur
IP_00647,PUBLIC_WIFI,IN,Hyderabad
IP_00648,MOBILE_CARRIER,IN,Pune
IP_00649,MOBILE_CARRIER,IN,Pune
IP_00650,MOBILE_CARRIER,IN,Delhi
IP_00651,MOBILE_CARRIER,IN,Ahmedabad
IP_00652,MOBILE_CARRIER,IN,Mumbai
IP_00653,RESIDENTIAL,IN,Ahmedabad
IP_00654,RESIDENTIAL,IN,Delhi
IP_00655,RESIDENTIAL,IN,Mumbai
IP_00656,PUBLIC_WIFI,IN,Kolkata
IP_00657,RESIDENTIAL,IN,Delhi
IP_00658,DATACENTER,IN,Chennai
IP_00659,VPN,AE,Chennai
IP_00660,RESIDENTIAL,IN,Pune
IP_00661,MOBILE_CARRIER,IN,Delhi
IP_00662,RESIDENTIAL,IN,Chennai
IP_00663,MOBILE_CARRIER,IN,Hyderabad
IP_00664,RESIDENTIAL,IN,Bengaluru
IP_00665,MOBILE_CARRIER,IN,Mumbai
IP_00666,RESIDENTIAL,IN,Bengaluru
IP_00667,RESIDENTIAL,IN,Hyderabad
IP_00668,MOBILE_CARRIER,IN,Ahmedabad
IP_00669,RESIDENTIAL,IN,Pune
IP_00670,MOBILE_CARRIER,IN,Kolkata
IP_00671,MOBILE_CARRIER,IN,Ahmedabad
IP_00672,RESIDENTIAL,IN,Kolkata
IP_00673,RESIDENTIAL,IN,Bengaluru
IP_00674,RESIDENTIAL,IN,Pune
IP_00675,DATACENTER,IN,Delhi
IP_00676,MOBILE_CARRIER,IN,Delhi
IP_00677,MOBILE_CARRIER,IN,Delhi
IP_00678,RESIDENTIAL,IN,Surat
IP_00679,RESIDENTIAL,IN,Delhi
IP_00680,RESIDENTIAL,IN,Hyderabad
IP_00681,MOBILE_CARRIER,IN,Delhi
IP_00682,VPN,IN,Surat
IP_00683,DATACENTER,IN,Bengaluru
IP_00684,RESIDENTIAL,IN,Bengaluru
IP_00685,MOBILE_CARRIER,IN,Kolkata
IP_00686,RESIDENTIAL,IN,Kolkata
IP_00687,RESIDENTIAL,IN,Delhi
IP_00688,RESIDENTIAL,IN,Bengaluru
IP_00689,RESIDENTIAL,IN,Surat
IP_00690,MOBILE_CARRIER,IN,Surat
IP_00691,RESIDENTIAL,IN,Mumbai
IP_00692,MOBILE_CARRIER,IN,Chennai
IP_00693,RESIDENTIAL,IN,Surat
IP_00694,MOBILE_CARRIER,IN,Kolkata
IP_00695,RESIDENTIAL,IN,Mumbai
IP_00696,MOBILE_CARRIER,IN,Hyderabad
IP_00697,MOBILE_CARRIER,IN,Bengaluru
IP_00698,RESIDENTIAL,IN,Surat
IP_00699,RESIDENTIAL,IN,Mumbai
IP_00700,PUBLIC_WIFI,IN,Pune
IP_00701,RESIDENTIAL,IN,Surat
IP_00702,RESIDENTIAL,IN,Jaipur
IP_00703,MOBILE_CARRIER,IN,Ahmedabad
IP_00704,PUBLIC_WIFI,IN,Bengaluru
IP_00705,RESIDENTIAL,IN,Bengaluru
IP_00706,RESIDENTIAL,IN,Hyderabad
IP_00707,RESIDENTIAL,IN,Mumbai
IP_00708,VPN,IN,Kolkata
IP_00709,MOBILE_CARRIER,IN,Jaipur
IP_00710,MOBILE_CARRIER,IN,Kolkata
IP_00711,MOBILE_CARRIER,IN,Bengaluru
IP_00712,MOBILE_CARRIER,IN,Jaipur
IP_00713,MOBILE_CARRIER,IN,Chennai
IP_00714,RESIDENTIAL,IN,Bengaluru
IP_00715,MOBILE_CARRIER,IN,Hyderabad
IP_00716,PUBLIC_WIFI,IN,Delhi
IP_00717,MOBILE_CARRIER,IN,Kolkata
IP_00718,MOBILE_CARRIER,IN,Bengaluru
IP_00719,RESIDENTIAL,IN,Kolkata
IP_00720,MOBILE_CARRIER,IN,Hyderabad
IP_00721,RESIDENTIAL,IN,Bengaluru
IP_00722,VPN,IN,Bengaluru
IP_00723,MOBILE_CARRIER,IN,Chennai
IP_00724,MOBILE_CARRIER,IN,Delhi
IP_00725,RESIDENTIAL,IN,Delhi
IP_00726,MOBILE_CARRIER,IN,Delhi
IP_00727,MOBILE_CARRIER,IN,Pune
IP_00728,MOBILE_CARRIER,IN,Chennai
IP_00729,RESIDENTIAL,IN,Delhi
IP_00730,MOBILE_CARRIER,IN,Chennai
IP_00731,MOBILE_CARRIER,IN,Bengaluru
IP_00732,MOBILE_CARRIER,IN,Mumbai
IP_00733,RESIDENTIAL,IN,Kolkata
IP_00734,RESIDENTIAL,IN,Bengaluru
IP_00735,RESIDENTIAL,IN,Surat
IP_00736,MOBILE_CARRIER,IN,Ahmedabad
IP_00737,MOBILE_CARRIER,IN,Pune
IP_00738,RESIDENTIAL,IN,Surat
IP_00739,RESIDENTIAL,IN,Delhi
IP_00740,RESIDENTIAL,IN,Bengaluru
IP_00741,DATACENTER,IN,Bengaluru
IP_00742,MOBILE_CARRIER,IN,Mumbai
IP_00743,DATACENTER,IN,Mumbai
IP_00744,MOBILE_CARRIER,IN,Kolkata
IP_00745,VPN,IN,Delhi
IP_00746,DATACENTER,IN,Jaipur
IP_00747,MOBILE_CARRIER,IN,Kolkata
IP_00748,RESIDENTIAL,IN,Hyderabad
IP_00749,RESIDENTIAL,IN,Pune
IP_00750,RESIDENTIAL,IN,Bengaluru
IP_00751,MOBILE_CARRIER,IN,Bengaluru
IP_00752,MOBILE_CARRIER,IN,Mumbai
IP_00753,RESIDENTIAL,IN,Jaipur
IP_00754,PUBLIC_WIFI,IN,Kolkata
IP_00755,RESIDENTIAL,IN,Ahmedabad
IP_00756,DATACENTER,IN,Chennai
IP_00757,MOBILE_CARRIER,IN,Mumbai
IP_00758,RESIDENTIAL,IN,Chennai
IP_00759,MOBILE_CARRIER,IN,Chennai
IP_00760,MOBILE_CARRIER,IN,Hyderabad
IP_00761,MOBILE_CARRIER,IN,Surat
IP_00762,PUBLIC_WIFI,IN,Hyderabad
IP_00763,MOBILE_CARRIER,IN,Jaipur
IP_00764,MOBILE_CARRIER,IN,Hyderabad
IP_00765,RESIDENTIAL,IN,Kolkata
IP_00766,RESIDENTIAL,IN,Jaipur
IP_00767,RESIDENTIAL,IN,Mumbai
IP_00768,PUBLIC_WIFI,IN,Mumbai
IP_00769,MOBILE_CARRIER,IN,Kolkata
IP_00770,MOBILE_CARRIER,IN,Chennai
IP_00771,RESIDENTIAL,IN,Jaipur
IP_00772,PUBLIC_WIFI,IN,Kolkata
IP_00773,MOBILE_CARRIER,IN,Mumbai
IP_00774,PUBLIC_WIFI,IN,Delhi
IP_00775,MOBILE_CARRIER,IN,Bengaluru
IP_00776,RESIDENTIAL,IN,Hyderabad
IP_00777,DATACENTER,IN,Jaipur
IP_00778,DATACENTER,IN,Ahmedabad
IP_00779,RESIDENTIAL,IN,Bengaluru
IP_00780,MOBILE_CARRIER,IN,Kolkata
IP_00781,RESIDENTIAL,IN,Surat
IP_00782,RESIDENTIAL,IN,Delhi
IP_00783,RESIDENTIAL,IN,Chennai
IP_00784,DATACENTER,IN,Kolkata
IP_00785,MOBILE_CARRIER,IN,Pune
IP_00786,MOBILE_CARRIER,IN,Hyderabad
IP_00787,RESIDENTIAL,IN,Hyderabad
IP_00788,RESIDENTIAL,IN,Surat
IP_00789,RESIDENTIAL,IN,Bengaluru
IP_00790,RESIDENTIAL,IN,Ahmedabad
IP_00791,RESIDENTIAL,IN,Bengaluru
IP_00792,MOBILE_CARRIER,IN,Hyderabad
IP_00793,MOBILE_CARRIER,IN,Ahmedabad
IP_00794,RESIDENTIAL,IN,Bengaluru
IP_00795,RESIDENTIAL,IN,Chennai
IP_00796,MOBILE_CARRIER,IN,Surat
IP_00797,RESIDENTIAL,IN,Pune
IP_00798,RESIDENTIAL,IN,Hyderabad
IP_00799,PUBLIC_WIFI,IN,Kolkata
IP_00800,MOBILE_CARRIER,IN,Chennai
IP_00801,RESIDENTIAL,IN,Delhi
IP_00802,RESIDENTIAL,IN,Kolkata
IP_00803,DATACENTER,IN,Jaipur
IP_00804,RESIDENTIAL,IN,Ahmedabad
IP_00805,RESIDENTIAL,IN,Delhi
IP_00806,RESIDENTIAL,IN,Mumbai
IP_00807,MOBILE_CARRIER,IN,Hyderabad
IP_00808,RESIDENTIAL,IN,Kolkata
IP_00809,RESIDENTIAL,IN,Bengaluru
IP_00810,MOBILE_CARRIER,IN,Chennai
IP_00811,VPN,SG,Bengaluru
IP_00812,RESIDENTIAL,IN,Ahmedabad
IP_00813,MOBILE_CARRIER,IN,Bengaluru
IP_00814,VPN,GB,Pune
IP_00815,RESIDENTIAL,IN,Surat
IP_00816,RESIDENTIAL,IN,Kolkata
IP_00817,MOBILE_CARRIER,IN,Kolkata
IP_00818,MOBILE_CARRIER,IN,Delhi
IP_00819,RESIDENTIAL,IN,Delhi
IP_00820,RESIDENTIAL,IN,Ahmedabad
IP_00821,DATACENTER,IN,Mumbai
IP_00822,MOBILE_CARRIER,IN,Chennai
IP_00823,MOBILE_CARRIER,IN,Jaipur
IP_00824,MOBILE_CARRIER,IN,Bengaluru
IP_00825,RESIDENTIAL,IN,Delhi
IP_00826,RESIDENTIAL,IN,Jaipur
IP_00827,RESIDENTIAL,IN,Jaipur
IP_00828,MOBILE_CARRIER,IN,Kolkata
IP_00829,MOBILE_CARRIER,IN,Pune
IP_00830,MOBILE_CARRIER,IN,Ahmedabad
IP_00831,RESIDENTIAL,IN,Surat
IP_00832,MOBILE_CARRIER,IN,Kolkata
IP_00833,RESIDENTIAL,IN,Mumbai
IP_00834,RESIDENTIAL,IN,Hyderabad
IP_00835,RESIDENTIAL,IN,Chennai
IP_00836,RESIDENTIAL,IN,Ahmedabad
IP_00837,MOBILE_CARRIER,IN,Surat
IP_00838,PUBLIC_WIFI,IN,Delhi
IP_00839,RESIDENTIAL,IN,Hyderabad
IP_00840,RESIDENTIAL,IN,Mumbai
IP_00841,MOBILE_CARRIER,IN,Hyderabad
IP_00842,MOBILE_CARRIER,IN,Kolkata
IP_00843,RESIDENTIAL,IN,Delhi
IP_00844,RESIDENTIAL,IN,Surat
IP_00845,RESIDENTIAL,IN,Pune
IP_00846,VPN,IN,Mumbai
IP_00847,RESIDENTIAL,IN,Surat
IP_00848,MOBILE_CARRIER,IN,Surat
IP_00849,VPN,IN,Ahmedabad
IP_00850,RESIDENTIAL,IN,Mumbai
IP_00851,RESIDENTIAL,IN,Hyderabad
IP_00852,MOBILE_CARRIER,IN,Mumbai
IP_00853,MOBILE_CARRIER,IN,Mumbai
IP_00854,RESIDENTIAL,IN,Surat
IP_00855,RESIDENTIAL,IN,Delhi
IP_00856,RESIDENTIAL,IN,Delhi
IP_00857,VPN,US,Pune
IP_00858,MOBILE_CARRIER,IN,Delhi
IP_00859,MOBILE_CARRIER,IN,Jaipur
IP_00860,DATACENTER,IN,Bengaluru
IP_00861,VPN,IN,Kolkata
IP_00862,RESIDENTIAL,IN,Pune
IP_00863,RESIDENTIAL,IN,Delhi
IP_00864,MOBILE_CARRIER,IN,Kolkata
IP_00865,MOBILE_CARRIER,IN,Ahmedabad
IP_00866,MOBILE_CARRIER,IN,Delhi
IP_00867,MOBILE_CARRIER,IN,Jaipur
IP_00868,MOBILE_CARRIER,IN,Surat
IP_00869,MOBILE_CARRIER,IN,Hyderabad
IP_00870,MOBILE_CARRIER,IN,Delhi
IP_00871,RESIDENTIAL,IN,Chennai
IP_00872,RESIDENTIAL,IN,Mumbai
IP_00873,VPN,IN,Surat
IP_00874,PUBLIC_WIFI,IN,Surat
IP_00875,RESIDENTIAL,IN,Surat
IP_00876,RESIDENTIAL,IN,Surat
IP_00877,RESIDENTIAL,IN,Surat
IP_00878,RESIDENTIAL,IN,Ahmedabad
IP_00879,RESIDENTIAL,IN,Bengaluru
IP_00880,RESIDENTIAL,IN,Pune
IP_00881,RESIDENTIAL,IN,Bengaluru
IP_00882,MOBILE_CARRIER,IN,Pune
IP_00883,RESIDENTIAL,IN,Chennai
IP_00884,RESIDENTIAL,IN,Bengaluru
IP_00885,RESIDENTIAL,IN,Bengaluru
IP_00886,MOBILE_CARRIER,IN,Mumbai
IP_00887,RESIDENTIAL,IN,Kolkata
IP_00888,PUBLIC_WIFI,IN,Kolkata
IP_00889,MOBILE_CARRIER,IN,Kolkata
IP_00890,RESIDENTIAL,IN,Kolkata
IP_00891,RESIDENTIAL,IN,Ahmedabad
IP_00892,MOBILE_CARRIER,IN,Surat
IP_00893,MOBILE_CARRIER,IN,Hyderabad
IP_00894,RESIDENTIAL,IN,Bengaluru
IP_00895,MOBILE_CARRIER,IN,Mumbai
IP_00896,RESIDENTIAL,IN,Pune
IP_00897,RESIDENTIAL,IN,Bengaluru
IP_00898,RESIDENTIAL,IN,Delhi
IP_00899,DATACENTER,IN,Delhi
IP_00900,MOBILE_CARRIER,IN,Bengaluru
IP_00901,RESIDENTIAL,IN,Surat
IP_00902,DATACENTER,IN,Mumbai
IP_00903,MOBILE_CARRIER,IN,Surat
IP_00904,DATACENTER,AE,Delhi
IP_00905,RESIDENTIAL,IN,Hyderabad
IP_00906,RESIDENTIAL,IN,Jaipur
IP_00907,MOBILE_CARRIER,IN,Jaipur
IP_00908,RESIDENTIAL,IN,Chennai
IP_00909,RESIDENTIAL,IN,Bengaluru
IP_00910,RESIDENTIAL,IN,Surat
IP_00911,MOBILE_CARRIER,IN,Ahmedabad
IP_00912,RESIDENTIAL,IN,Pune
IP_00913,RESIDENTIAL,IN,Bengaluru
IP_00914,RESIDENTIAL,IN,Surat
IP_00915,MOBILE_CARRIER,IN,Bengaluru
IP_00916,RESIDENTIAL,IN,Delhi
IP_00917,MOBILE_CARRIER,IN,Bengaluru
IP_00918,MOBILE_CARRIER,IN,Bengaluru
IP_00919,RESIDENTIAL,IN,Kolkata
IP_00920,MOBILE_CARRIER,IN,Chennai
IP_00921,RESIDENTIAL,IN,Jaipur
IP_00922,RESIDENTIAL,IN,Pune
IP_00923,DATACENTER,IN,Pune
IP_00924,RESIDENTIAL,IN,Ahmedabad
IP_00925,MOBILE_CARRIER,IN,Hyderabad
IP_00926,MOBILE_CARRIER,IN,Surat
IP_00927,RESIDENTIAL,IN,Bengaluru
IP_00928,RESIDENTIAL,IN,Pune
IP_00929,MOBILE_CARRIER,IN,Kolkata
IP_00930,PUBLIC_WIFI,IN,Surat
IP_00931,RESIDENTIAL,IN,Mumbai
IP_00932,MOBILE_CARRIER,IN,Jaipur
IP_00933,RESIDENTIAL,IN,Jaipur
IP_00934,MOBILE_CARRIER,IN,Ahmedabad
IP_00935,MOBILE_CARRIER,IN,Hyderabad
IP_00936,MOBILE_CARRIER,IN,Bengaluru
IP_00937,RESIDENTIAL,IN,Mumbai
IP_00938,MOBILE_CARRIER,IN,Jaipur
IP_00939,MOBILE_CARRIER,IN,Surat
IP_00940,RESIDENTIAL,IN,Ahmedabad
IP_00941,RESIDENTIAL,IN,Delhi
IP_00942,PUBLIC_WIFI,IN,Hyderabad
IP_00943,RESIDENTIAL,IN,Kolkata
IP_00944,RESIDENTIAL,IN,Kolkata
IP_00945,RESIDENTIAL,IN,Delhi
IP_00946,MOBILE_CARRIER,IN,Chennai
IP_00947,RESIDENTIAL,IN,Bengaluru
IP_00948,RESIDENTIAL,IN,Jaipur
IP_00949,RESIDENTIAL,IN,Pune
IP_00950,DATACENTER,IN,Jaipur
IP_00951,DATACENTER,IN,Surat
IP_00952,MOBILE_CARRIER,IN,Bengaluru
IP_00953,RESIDENTIAL,IN,Delhi
IP_00954,MOBILE_CARRIER,IN,Surat
IP_00955,MOBILE_CARRIER,IN,Bengaluru
IP_00956,VPN,IN,Surat
IP_00957,MOBILE_CARRIER,IN,Jaipur
IP_00958,DATACENTER,IN,Kolkata
IP_00959,MOBILE_CARRIER,IN,Surat
IP_00960,MOBILE_CARRIER,IN,Mumbai
IP_00961,RESIDENTIAL,IN,Kolkata
IP_00962,RESIDENTIAL,IN,Surat
IP_00963,MOBILE_CARRIER,IN,Kolkata
IP_00964,RESIDENTIAL,IN,Pune
IP_00965,MOBILE_CARRIER,IN,Mumbai
IP_00966,MOBILE_CARRIER,IN,Chennai
IP_00967,DATACENTER,IN,Mumbai
IP_00968,MOBILE_CARRIER,IN,Chennai
IP_00969,RESIDENTIAL,IN,Ahmedabad
IP_00970,DATACENTER,IN,Bengaluru
IP_00971,RESIDENTIAL,IN,Chennai
IP_00972,PUBLIC_WIFI,IN,Ahmedabad
IP_00973,MOBILE_CARRIER,IN,Pune
IP_00974,RESIDENTIAL,IN,Kolkata
IP_00975,MOBILE_CARRIER,IN,Bengaluru
IP_00976,RESIDENTIAL,IN,Hyderabad
IP_00977,VPN,IN,Kolkata
IP_00978,MOBILE_CARRIER,IN,Pune
IP_00979,MOBILE_CARRIER,IN,Jaipur
IP_00980,MOBILE_CARRIER,IN,Bengaluru
IP_00981,RESIDENTIAL,IN,Jaipur
IP_00982,RESIDENTIAL,IN,Jaipur
IP_00983,DATACENTER,IN,Mumbai
IP_00984,DATACENTER,IN,Hyderabad
IP_00985,RESIDENTIAL,IN,Ahmedabad
IP_00986,RESIDENTIAL,IN,Pune
IP_00987,MOBILE_CARRIER,IN,Chennai
IP_00988,RESIDENTIAL,IN,Ahmedabad
IP_00989,MOBILE_CARRIER,IN,Bengaluru
IP_00990,MOBILE_CARRIER,IN,Hyderabad
IP_00991,RESIDENTIAL,IN,Surat
IP_00992,RESIDENTIAL,IN,Ahmedabad
IP_00993,MOBILE_CARRIER,IN,Pune
IP_00994,RESIDENTIAL,IN,Chennai
IP_00995,MOBILE_CARRIER,IN,Bengaluru
IP_00996,RESIDENTIAL,IN,Kolkata
IP_00997,RESIDENTIAL,IN,Surat
IP_00998,MOBILE_CARRIER,IN,Hyderabad
IP_00999,DATACENTER,IN,Hyderabad
IP_01000,RESIDENTIAL,IN,Kolkata
