payment_method_id,payment_type,issuer_category
PM_0001,UPI,FINTECH_WALLET
PM_0002,WALLET,PRIVATE_BANK
PM_0003,UPI,PUBLIC_BANK
PM_0004,UPI,FINTECH_WALLET
PM_0005,UPI,PRIVATE_BANK
PM_0006,NET_BANKING,PRIVATE_BANK
PM_0007,CREDIT_CARD,PUBLIC_BANK
PM_0008,DEBIT_CARD,FINTECH_WALLET
PM_0009,UPI,PUBLIC_BANK
PM_0010,UPI,PRIVATE_BANK
PM_0011,CREDIT_CARD,PRIVATE_BANK
PM_0012,UPI,INTERNATIONAL_CARD
PM_0013,WALLET,FINTECH_WALLET
PM_0014,CREDIT_CARD,PRIVATE_BANK
PM_0015,UPI,PRIVATE_BANK
PM_0016,UPI,PUBLIC_BANK
PM_0017,UPI,PUBLIC_BANK
PM_0018,UPI,PRIVATE_BANK
PM_0019,WALLET,PRIVATE_BANK
PM_0020,UPI,PRIVATE_BANK
PM_0021,UPI,PUBLIC_BANK
PM_0022,DEBIT_CARD,FINTECH_WALLET
PM_0023,UPI,PUBLIC_BANK
PM_0024,UPI,PUBLIC_BANK
PM_0025,UPI,PUBLIC_BANK
PM_0026,NET_BANKING,PRIVATE_BANK
PM_0027,CREDIT_CARD,PRIVATE_BANK
PM_0028,WALLET,FINTECH_WALLET
PM_0029,UPI,PRIVATE_BANK
PM_0030,CREDIT_CARD,PRIVATE_BANK
PM_0031,UPI,NEOBANK
PM_0032,UPI,PUBLIC_BANK
PM_0033,UPI,PRIVATE_BANK
PM_0034,CREDIT_CARD,PUBLIC_BANK
PM_0035,UPI,PRIVATE_BANK
PM_0036,CREDIT_CARD,PRIVATE_BANK
PM_0037,NET_BANKING,NEOBANK
PM_0038,DEBIT_CARD,PRIVATE_BANK
PM_0039,UPI,PUBLIC_BANK
PM_0040,DEBIT_CARD,PRIVATE_BANK
PM_0041,DEBIT_CARD,PRIVATE_BANK
PM_0042,CREDIT_CARD,PRIVATE_BANK
PM_0043,UPI,PUBLIC_BANK
PM_0044,CREDIT_CARD,PRIVATE_BANK
PM_0045,CREDIT_CARD,PRIVATE_BANK
PM_0046,UPI,PUBLIC_BANK
PM_0047,CREDIT_CARD,PRIVATE_BANK
PM_0048,UPI,FINTECH_WALLET
PM_0049,UPI,INTERNATIONAL_CARD
PM_0050,UPI,INTERNATIONAL_CARD
PM_0051,DEBIT_CARD,INTERNATIONAL_CARD
PM_0052,UPI,FINTECH_WALLET
PM_0053,UPI,PUBLIC_BANK
PM_0054,UPI,INTERNATIONAL_CARD
PM_0055,UPI,PUBLIC_BANK
PM_0056,UPI,PUBLIC_BANK
PM_0057,DEBIT_CARD,PRIVATE_BANK
PM_0058,UPI,PRIVATE_BANK
PM_0059,DEBIT_CARD,PUBLIC_BANK
PM_0060,UPI,PRIVATE_BANK
PM_0061,UPI,PRIVATE_BANK
PM_0062,UPI,PRIVATE_BANK
PM_0063,CREDIT_CARD,NEOBANK
PM_0064,DEBIT_CARD,PRIVATE_BANK
PM_0065,UPI,PUBLIC_BANK
PM_0066,UPI,PRIVATE_BANK
PM_0067,UPI,FINTECH_WALLET
PM_0068,UPI,PUBLIC_BANK
PM_0069,UPI,PUBLIC_BANK
PM_0070,UPI,PUBLIC_BANK
PM_0071,NET_BANKING,PRIVATE_BANK
PM_0072,UPI,PRIVATE_BANK
PM_0073,UPI,PRIVATE_BANK
PM_0074,UPI,INTERNATIONAL_CARD
PM_0075,UPI,PRIVATE_BANK
PM_0076,UPI,NEOBANK
PM_0077,DEBIT_CARD,PUBLIC_BANK
PM_0078,UPI,INTERNATIONAL_CARD
PM_0079,UPI,PUBLIC_BANK
PM_0080,UPI,PUBLIC_BANK
PM_0081,CREDIT_CARD,PRIVATE_BANK
PM_0082,UPI,PRIVATE_BANK
PM_0083,DEBIT_CARD,PRIVATE_BANK
PM_0084,CREDIT_CARD,PUBLIC_BANK
PM_0085,UPI,FINTECH_WALLET
PM_0086,UPI,PUBLIC_BANK
PM_0087,UPI,PUBLIC_BANK
PM_0088,UPI,PRIVATE_BANK
PM_0089,UPI,PRIVATE_BANK
PM_0090,UPI,PRIVATE_BANK
PM_0091,UPI,PRIVATE_BANK
PM_0092,CREDIT_CARD,PRIVATE_BANK
PM_0093,UPI,FINTECH_WALLET
PM_0094,UPI,PRIVATE_BANK
PM_0095,UPI,PRIVATE_BANK
PM_0096,UPI,PRIVATE_BANK
PM_0097,DEBIT_CARD,FINTECH_WALLET
PM_0098,WALLET,PRIVATE_BANK
PM_0099,UPI,PUBLIC_BANK
PM_0100,UPI,NEOBANK
PM_0101,CREDIT_CARD,PRIVATE_BANK
PM_0102,UPI,PUBLIC_BANK
PM_0103,UPI,PUBLIC_BANK
PM_0104,CREDIT_CARD,PRIVATE_BANK
PM_0105,NET_BANKING,PRIVATE_BANK
PM_0106,UPI,PRIVATE_BANK
PM_0107,NET_BANKING,PRIVATE_BANK
PM_0108,UPI,NEOBANK
PM_0109,UPI,PUBLIC_BANK
PM_0110,DEBIT_CARD,FINTECH_WALLET
PM_0111,DEBIT_CARD,PRIVATE_BANK
PM_0112,CREDIT_CARD,PRIVATE_BANK
PM_0113,UPI,FINTECH_WALLET
PM_0114,DEBIT_CARD,PUBLIC_BANK
PM_0115,UPI,PRIVATE_BANK
PM_0116,UPI,FINTECH_WALLET
PM_0117,WALLET,PUBLIC_BANK
PM_0118,CREDIT_CARD,PRIVATE_BANK
PM_0119,UPI,PUBLIC_BANK
PM_0120,UPI,PRIVATE_BANK
PM_0121,DEBIT_CARD,PRIVATE_BANK
PM_0122,UPI,PRIVATE_BANK
PM_0123,DEBIT_CARD,PUBLIC_BANK
PM_0124,UPI,PRIVATE_BANK
PM_0125,WALLET,FINTECH_WALLET
PM_0126,UPI,NEOBANK
PM_0127,UPI,PRIVATE_BANK
PM_0128,UPI,PRIVATE_BANK
PM_0129,DEBIT_CARD,PRIVATE_BANK
PM_0130,DEBIT_CARD,FINTECH_WALLET
PM_0131,CREDIT_CARD,FINTECH_WALLET
PM_0132,UPI,PRIVATE_BANK
PM_0133,DEBIT_CARD,PRIVATE_BANK
PM_0134,UPI,PRIVATE_BANK
PM_0135,UPI,FINTECH_WALLET
PM_0136,UPI,PRIVATE_BANK
PM_0137,CREDIT_CARD,PUBLIC_BANK
PM_0138,WALLET,FINTECH_WALLET
PM_0139,UPI,PRIVATE_BANK
PM_0140,CREDIT_CARD,PRIVATE_BANK
PM_0141,CREDIT_CARD,PRIVATE_BANK
PM_0142,CREDIT_CARD,PRIVATE_BANK
PM_0143,UPI,FINTECH_WALLET
PM_0144,DEBIT_CARD,PRIVATE_BANK
PM_0145,UPI,NEOBANK
PM_0146,UPI,PRIVATE_BANK
PM_0147,UPI,PUBLIC_BANK
PM_0148,DEBIT_CARD,PUBLIC_BANK
PM_0149,UPI,PUBLIC_BANK
PM_0150,UPI,PRIVATE_BANK
PM_0151,UPI,FINTECH_WALLET
PM_0152,UPI,PRIVATE_BANK
PM_0153,CREDIT_CARD,PUBLIC_BANK
PM_0154,UPI,PUBLIC_BANK
PM_0155,WALLET,PRIVATE_BANK
PM_0156,UPI,PRIVATE_BANK
PM_0157,UPI,PRIVATE_BANK
PM_0158,DEBIT_CARD,PRIVATE_BANK
PM_0159,WALLET,PRIVATE_BANK
PM_0160,DEBIT_CARD,PRIVATE_BANK
PM_0161,CREDIT_CARD,PRIVATE_BANK
PM_0162,UPI,FINTECH_WALLET
PM_0163,DEBIT_CARD,FINTECH_WALLET
PM_0164,UPI,PRIVATE_BANK
PM_0165,CREDIT_CARD,PRIVATE_BANK
PM_0166,UPI,PRIVATE_BANK
PM_0167,UPI,PRIVATE_BANK
PM_0168,UPI,PRIVATE_BANK
PM_0169,CREDIT_CARD,PRIVATE_BANK
PM_0170,UPI,PRIVATE_BANK
PM_0171,UPI,FINTECH_WALLET
PM_0172,UPI,FINTECH_WALLET
PM_0173,CREDIT_CARD,PRIVATE_BANK
PM_0174,UPI,PUBLIC_BANK
PM_0175,UPI,FINTECH_WALLET
PM_0176,UPI,FINTECH_WALLET
PM_0177,UPI,PUBLIC_BANK
PM_0178,DEBIT_CARD,PUBLIC_BANK
PM_0179,CREDIT_CARD,PRIVATE_BANK
PM_0180,UPI,FINTECH_WALLET
PM_0181,UPI,PRIVATE_BANK
PM_0182,UPI,NEOBANK
PM_0183,UPI,PRIVATE_BANK
PM_0184,CREDIT_CARD,PRIVATE_BANK
PM_0185,CREDIT_CARD,NEOBANK
PM_0186,DEBIT_CARD,NEOBANK
PM_0187,CREDIT_CARD,PUBLIC_BANK
PM_0188,DEBIT_CARD,PUBLIC_BANK
PM_0189,CREDIT_CARD,PRIVATE_BANK
PM_0190,UPI,FINTECH_WALLET
PM_0191,UPI,PRIVATE_BANK
PM_0192,CREDIT_CARD,PUBLIC_BANK
PM_0193,UPI,PUBLIC_BANK
PM_0194,UPI,FINTECH_WALLET
PM_0195,UPI,PRIVATE_BANK
PM_0196,DEBIT_CARD,PRIVATE_BANK
PM_0197,DEBIT_CARD,PRIVATE_BANK
PM_0198,UPI,PRIVATE_BANK
PM_0199,CREDIT_CARD,PUBLIC_BANK
PM_0200,UPI,PRIVATE_BANK
PM_0201,CREDIT_CARD,NEOBANK
PM_0202,UPI,PRIVATE_BANK
PM_0203,WALLET,PUBLIC_BANK
PM_0204,UPI,PRIVATE_BANK
PM_0205,CREDIT_CARD,PRIVATE_BANK
PM_0206,CREDIT_CARD,PRIVATE_BANK
PM_0207,NET_BANKING,PRIVATE_BANK
PM_0208,CREDIT_CARD,FINTECH_WALLET
PM_0209,UPI,FINTECH_WALLET
PM_0210,UPI,PUBLIC_BANK
PM_0211,UPI,PRIVATE_BANK
PM_0212,UPI,PUBLIC_BANK
PM_0213,UPI,PRIVATE_BANK
PM_0214,WALLET,PRIVATE_BANK
PM_0215,UPI,PUBLIC_BANK
PM_0216,DEBIT_CARD,PUBLIC_BANK
PM_0217,UPI,PRIVATE_BANK
PM_0218,UPI,PRIVATE_BANK
PM_0219,CREDIT_CARD,PRIVATE_BANK
PM_0220,UPI,PRIVATE_BANK
PM_0221,UPI,PRIVATE_BANK
PM_0222,DEBIT_CARD,PRIVATE_BANK
PM_0223,CREDIT_CARD,PUBLIC_BANK
PM_0224,UPI,PRIVATE_BANK
PM_0225,DEBIT_CARD,PRIVATE_BANK
PM_0226,WALLET,PUBLIC_BANK
PM_0227,CREDIT_CARD,PUBLIC_BANK
PM_0228,DEBIT_CARD,FINTECH_WALLET
PM_0229,UPI,PUBLIC_BANK
PM_0230,CREDIT_CARD,PRIVATE_BANK
PM_0231,UPI,PRIVATE_BANK
PM_0232,CREDIT_CARD,PUBLIC_BANK
PM_0233,CREDIT_CARD,PUBLIC_BANK
PM_0234,UPI,INTERNATIONAL_CARD
PM_0235,UPI,NEOBANK
PM_0236,CREDIT_CARD,PUBLIC_BANK
PM_0237,UPI,PUBLIC_BANK
PM_0238,UPI,PUBLIC_BANK
PM_0239,DEBIT_CARD,PUBLIC_BANK
PM_0240,UPI,NEOBANK
PM_0241,UPI,NEOBANK
PM_0242,CREDIT_CARD,PRIVATE_BANK
PM_0243,CREDIT_CARD,FINTECH_WALLET
PM_0244,UPI,PRIVATE_BANK
PM_0245,CREDIT_CARD,PUBLIC_BANK
PM_0246,CREDIT_CARD,PRIVATE_BANK
PM_0247,WALLET,PRIVATE_BANK
PM_0248,DEBIT_CARD,PUBLIC_BANK
PM_0249,UPI,PRIVATE_BANK
PM_0250,UPI,FINTECH_WALLET
PM_0251,CREDIT_CARD,PUBLIC_BANK
PM_0252,UPI,NEOBANK
PM_0253,CREDIT_CARD,PRIVATE_BANK
PM_0254,CREDIT_CARD,PRIVATE_BANK
PM_0255,CREDIT_CARD,PUBLIC_BANK
PM_0256,UPI,PUBLIC_BANK
PM_0257,CREDIT_CARD,NEOBANK
PM_0258,UPI,PUBLIC_BANK
PM_0259,DEBIT_CARD,PRIVATE_BANK
PM_0260,DEBIT_CARD,PUBLIC_BANK
PM_0261,UPI,PRIVATE_BANK
PM_0262,UPI,PRIVATE_BANK
PM_0263,DEBIT_CARD,PRIVATE_BANK
PM_0264,UPI,PRIVATE_BANK
PM_0265,UPI,PRIVATE_BANK
PM_0266,UPI,PUBLIC_BANK
PM_0267,UPI,NEOBANK
PM_0268,DEBIT_CARD,PRIVATE_BANK
PM_0269,CREDIT_CARD,PUBLIC_BANK
PM_0270,CREDIT_CARD,PUBLIC_BANK
PM_0271,CREDIT_CARD,FINTECH_WALLET
PM_0272,UPI,FINTECH_WALLET
PM_0273,DEBIT_CARD,PRIVATE_BANK
PM_0274,UPI,FINTECH_WALLET
PM_0275,UPI,PRIVATE_BANK
PM_0276,UPI,PRIVATE_BANK
PM_0277,UPI,PUBLIC_BANK
PM_0278,UPI,PUBLIC_BANK
PM_0279,UPI,FINTECH_WALLET
PM_0280,NET_BANKING,PRIVATE_BANK
PM_0281,UPI,PRIVATE_BANK
PM_0282,UPI,PRIVATE_BANK
PM_0283,UPI,PUBLIC_BANK
PM_0284,CREDIT_CARD,PUBLIC_BANK
PM_0285,CREDIT_CARD,PUBLIC_BANK
PM_0286,DEBIT_CARD,PRIVATE_BANK
PM_0287,UPI,PUBLIC_BANK
PM_0288,CREDIT_CARD,PRIVATE_BANK
PM_0289,UPI,NEOBANK
PM_0290,UPI,FINTECH_WALLET
PM_0291,UPI,PUBLIC_BANK
PM_0292,UPI,PRIVATE_BANK
PM_0293,DEBIT_CARD,FINTECH_WALLET
PM_0294,UPI,PRIVATE_BANK
PM_0295,UPI,FINTECH_WALLET
PM_0296,WALLET,FINTECH_WALLET
PM_0297,CREDIT_CARD,NEOBANK
PM_0298,UPI,FINTECH_WALLET
PM_0299,UPI,PUBLIC_BANK
PM_0300,CREDIT_CARD,PRIVATE_BANK
PM_0301,UPI,PUBLIC_BANK
PM_0302,UPI,PRIVATE_BANK
PM_0303,CREDIT_CARD,PUBLIC_BANK
PM_0304,NET_BANKING,FINTECH_WALLET
PM_0305,UPI,PUBLIC_BANK
PM_0306,CREDIT_CARD,PUBLIC_BANK
PM_0307,UPI,PRIVATE_BANK
PM_0308,CREDIT_CARD,PUBLIC_BANK
PM_0309,DEBIT_CARD,INTERNATIONAL_CARD
PM_0310,UPI,PRIVATE_BANK
PM_0311,UPI,PRIVATE_BANK
PM_0312,UPI,PUBLIC_BANK
PM_0313,CREDIT_CARD,NEOBANK
PM_0314,UPI,PRIVATE_BANK
PM_0315,UPI,PUBLIC_BANK
PM_0316,UPI,PUBLIC_BANK
PM_0317,UPI,PUBLIC_BANK
PM_0318,CREDIT_CARD,PRIVATE_BANK
PM_0319,UPI,PRIVATE_BANK
PM_0320,DEBIT_CARD,NEOBANK
PM_0321,UPI,PUBLIC_BANK
PM_0322,DEBIT_CARD,PRIVATE_BANK
PM_0323,CREDIT_CARD,PUBLIC_BANK
PM_0324,UPI,PRIVATE_BANK
PM_0325,UPI,PRIVATE_BANK
PM_0326,UPI,PRIVATE_BANK
PM_0327,UPI,PUBLIC_BANK
PM_0328,CREDIT_CARD,PUBLIC_BANK
PM_0329,UPI,FINTECH_WALLET
PM_0330,DEBIT_CARD,PUBLIC_BANK
PM_0331,CREDIT_CARD,PRIVATE_BANK
PM_0332,CREDIT_CARD,FINTECH_WALLET
PM_0333,DEBIT_CARD,PRIVATE_BANK
PM_0334,DEBIT_CARD,PRIVATE_BANK
PM_0335,DEBIT_CARD,PUBLIC_BANK
PM_0336,UPI,PUBLIC_BANK
PM_0337,DEBIT_CARD,PRIVATE_BANK
PM_0338,CREDIT_CARD,PUBLIC_BANK
PM_0339,UPI,FINTECH_WALLET
PM_0340,CREDIT_CARD,FINTECH_WALLET
PM_0341,UPI,PRIVATE_BANK
PM_0342,UPI,PRIVATE_BANK
PM_0343,UPI,PUBLIC_BANK
PM_0344,WALLET,INTERNATIONAL_CARD
PM_0345,CREDIT_CARD,PRIVATE_BANK
PM_0346,UPI,PUBLIC_BANK
PM_0347,CREDIT_CARD,PRIVATE_BANK
PM_0348,DEBIT_CARD,PUBLIC_BANK
PM_0349,CREDIT_CARD,NEOBANK
PM_0350,UPI,PRIVATE_BANK
PM_0351,UPI,PUBLIC_BANK
PM_0352,UPI,PRIVATE_BANK
PM_0353,UPI,PRIVATE_BANK
PM_0354,UPI,NEOBANK
PM_0355,DEBIT_CARD,PUBLIC_BANK
PM_0356,CREDIT_CARD,PUBLIC_BANK
PM_0357,WALLET,PRIVATE_BANK
PM_0358,UPI,PRIVATE_BANK
PM_0359,CREDIT_CARD,PRIVATE_BANK
PM_0360,UPI,PRIVATE_BANK
PM_0361,CREDIT_CARD,FINTECH_WALLET
PM_0362,UPI,PUBLIC_BANK
PM_0363,WALLET,PUBLIC_BANK
PM_0364,UPI,FINTECH_WALLET
PM_0365,UPI,PRIVATE_BANK
PM_0366,DEBIT_CARD,PUBLIC_BANK
PM_0367,DEBIT_CARD,PRIVATE_BANK
PM_0368,UPI,PRIVATE_BANK
PM_0369,UPI,PUBLIC_BANK
PM_0370,UPI,PRIVATE_BANK
PM_0371,DEBIT_CARD,PRIVATE_BANK
PM_0372,UPI,PUBLIC_BANK
PM_0373,UPI,PRIVATE_BANK
PM_0374,UPI,PRIVATE_BANK
PM_0375,CREDIT_CARD,PRIVATE_BANK
PM_0376,UPI,PUBLIC_BANK
PM_0377,CREDIT_CARD,PUBLIC_BANK
PM_0378,UPI,FINTECH_WALLET
PM_0379,UPI,PUBLIC_BANK
PM_0380,NET_BANKING,PRIVATE_BANK
PM_0381,UPI,NEOBANK
PM_0382,CREDIT_CARD,FINTECH_WALLET
PM_0383,CREDIT_CARD,FINTECH_WALLET
PM_0384,NET_BANKING,PUBLIC_BANK
PM_0385,CREDIT_CARD,PRIVATE_BANK
PM_0386,UPI,PUBLIC_BANK
PM_0387,UPI,PUBLIC_BANK
PM_0388,CREDIT_CARD,PRIVATE_BANK
PM_0389,CREDIT_CARD,PRIVATE_BANK
PM_0390,UPI,PRIVATE_BANK
PM_0391,NET_BANKING,PRIVATE_BANK
PM_0392,UPI,PRIVATE_BANK
PM_0393,UPI,PUBLIC_BANK
PM_0394,UPI,NEOBANK
PM_0395,CREDIT_CARD,FINTECH_WALLET
PM_0396,CREDIT_CARD,PUBLIC_BANK
PM_0397,NET_BANKING,PRIVATE_BANK
PM_0398,DEBIT_CARD,PRIVATE_BANK
PM_0399,DEBIT_CARD,PUBLIC_BANK
PM_0400,CREDIT_CARD,NEOBANK
PM_0401,UPI,PUBLIC_BANK
PM_0402,NET_BANKING,PRIVATE_BANK
PM_0403,UPI,PRIVATE_BANK
PM_0404,DEBIT_CARD,PRIVATE_BANK
PM_0405,UPI,NEOBANK
PM_0406,UPI,PRIVATE_BANK
PM_0407,UPI,FINTECH_WALLET
PM_0408,NET_BANKING,FINTECH_WALLET
PM_0409,CREDIT_CARD,PRIVATE_BANK
PM_0410,UPI,PRIVATE_BANK
PM_0411,NET_BANKING,PUBLIC_BANK
PM_0412,CREDIT_CARD,PRIVATE_BANK
PM_0413,UPI,PUBLIC_BANK
PM_0414,CREDIT_CARD,PUBLIC_BANK
PM_0415,UPI,PRIVATE_BANK
PM_0416,UPI,PUBLIC_BANK
PM_0417,DEBIT_CARD,PRIVATE_BANK
PM_0418,UPI,PRIVATE_BANK
PM_0419,CREDIT_CARD,PUBLIC_BANK
PM_0420,UPI,PRIVATE_BANK
PM_0421,CREDIT_CARD,INTERNATIONAL_CARD
PM_0422,UPI,PUBLIC_BANK
PM_0423,CREDIT_CARD,PRIVATE_BANK
PM_0424,UPI,PRIVATE_BANK
PM_0425,UPI,INTERNATIONAL_CARD
PM_0426,CREDIT_CARD,PRIVATE_BANK
PM_0427,UPI,PUBLIC_BANK
PM_0428,DEBIT_CARD,PUBLIC_BANK
PM_0429,UPI,PRIVATE_BANK
PM_0430,NET_BANKING,PUBLIC_BANK
PM_0431,UPI,PRIVATE_BANK
PM_0432,DEBIT_CARD,PRIVATE_BANK
PM_0433,CREDIT_CARD,PUBLIC_BANK
PM_0434,UPI,PRIVATE_BANK
PM_0435,DEBIT_CARD,FINTECH_WALLET
PM_0436,UPI,PRIVATE_BANK
PM_0437,UPI,PUBLIC_BANK
PM_0438,UPI,PRIVATE_BANK
PM_0439,CREDIT_CARD,NEOBANK
PM_0440,UPI,PRIVATE_BANK
PM_0441,UPI,NEOBANK
PM_0442,UPI,PRIVATE_BANK
PM_0443,UPI,PRIVATE_BANK
PM_0444,UPI,FINTECH_WALLET
PM_0445,NET_BANKING,PRIVATE_BANK
PM_0446,UPI,PRIVATE_BANK
PM_0447,UPI,PRIVATE_BANK
PM_0448,CREDIT_CARD,PRIVATE_BANK
PM_0449,UPI,PRIVATE_BANK
PM_0450,WALLET,PUBLIC_BANK
PM_0451,UPI,PRIVATE_BANK
PM_0452,CREDIT_CARD,PRIVATE_BANK
PM_0453,UPI,PUBLIC_BANK
PM_0454,CREDIT_CARD,NEOBANK
PM_0455,UPI,PRIVATE_BANK
PM_0456,CREDIT_CARD,PRIVATE_BANK
PM_0457,UPI,FINTECH_WALLET
PM_0458,UPI,NEOBANK
PM_0459,UPI,PRIVATE_BANK
PM_0460,UPI,PUBLIC_BANK
PM_0461,UPI,PRIVATE_BANK
PM_0462,UPI,PUBLIC_BANK
PM_0463,UPI,PRIVATE_BANK
PM_0464,UPI,PRIVATE_BANK
PM_0465,DEBIT_CARD,PUBLIC_BANK
PM_0466,UPI,PRIVATE_BANK
PM_0467,UPI,PUBLIC_BANK
PM_0468,UPI,PRIVATE_BANK
PM_0469,CREDIT_CARD,FINTECH_WALLET
PM_0470,DEBIT_CARD,PRIVATE_BANK
PM_0471,UPI,PRIVATE_BANK
PM_0472,DEBIT_CARD,PUBLIC_BANK
PM_0473,CREDIT_CARD,FINTECH_WALLET
PM_0474,UPI,PRIVATE_BANK
PM_0475,UPI,PRIVATE_BANK
PM_0476,UPI,PUBLIC_BANK
PM_0477,UPI,PRIVATE_BANK
PM_0478,UPI,PRIVATE_BANK
PM_0479,UPI,PUBLIC_BANK
PM_0480,UPI,PRIVATE_BANK
PM_0481,UPI,PRIVATE_BANK
PM_0482,NET_BANKING,PUBLIC_BANK
PM_0483,CREDIT_CARD,PUBLIC_BANK
PM_0484,UPI,PUBLIC_BANK
PM_0485,UPI,FINTECH_WALLET
PM_0486,DEBIT_CARD,PRIVATE_BANK
PM_0487,DEBIT_CARD,PUBLIC_BANK
PM_0488,UPI,NEOBANK
PM_0489,UPI,PUBLIC_BANK
PM_0490,DEBIT_CARD,NEOBANK
PM_0491,DEBIT_CARD,PRIVATE_BANK
PM_0492,UPI,FINTECH_WALLET
PM_0493,DEBIT_CARD,PRIVATE_BANK
PM_0494,UPI,PUBLIC_BANK
PM_0495,DEBIT_CARD,PRIVATE_BANK
PM_0496,UPI,PRIVATE_BANK
PM_0497,UPI,PRIVATE_BANK
PM_0498,UPI,NEOBANK
PM_0499,UPI,PUBLIC_BANK
PM_0500,DEBIT_CARD,PRIVATE_BANK
